district,area,year,population,pop_density,antibiotics,painkillers,antacids,vitamins,antihistamines,insulin
Dhaka,Dhaka North,2010,221958.0,4084.44,39.28305131901204,38.14108004751498,105.03829678352267,26.84410622097006,20.669453447120606,33.898479472528855
Dhaka,Dhaka North,2011,224440.0,4084.44,35.38496826639902,36.4277422956883,14.312732016320002,36.833908854264095,53.961020131722705,157.99537879427947
Dhaka,Dhaka North,2012,227922.0,4084.44,45.14486932035352,18.317412022312034,30.476892433448086,43.51636150931554,30.833731969263983,33.88801608084959
Dhaka,Dhaka North,2013,231682.0,4084.44,156.22045953666634,10.881726708915227,39.99966377409978,20.561915789291774,13.121171819556828,36.911808483365306
Dhaka,Dhaka North,2014,233872.0,4084.44,44.83560691521066,34.53438249979118,1.0866484243013268,29.316640016459996,30.12078426826938,31.175528967182082
Dhaka,Dhaka North,2015,237277.0,4084.44,33.2297995461199,55.01819831696314,48.50438778923498,34.878694597333144,255.26316983272278,20.062596695479122
Dhaka,Dhaka North,2016,242357.0,4084.44,36.2320277800715,22.77555406093572,14.673796420137881,37.01107404463488,29.320061158965174,51.95378384894433
Dhaka,Dhaka North,2017,243503.0,4084.44,24.048845117712336,0.0,31.52755774719967,20.844388343319377,42.23579417622519,42.83691676275355
Dhaka,Dhaka North,2018,248965.0,4084.44,37.21154440298244,53.71052988193047,52.45485114701683,7.377145712368176,13.23309647553818,49.94502507408996
Dhaka,Dhaka North,2019,247149.0,4084.44,30.31025528017555,33.95072058670844,124.00779305658455,41.05973303471652,43.921830255273626,8.01829242670486
Dhaka,Dhaka North,2020,247917.0,4084.44,13.218711661892456,50.328938549652314,17.72620124014084,39.87009505174842,23.693770034678945,19.36063985147047
Dhaka,Dhaka North,2021,252236.0,4084.44,21.930760309900084,17.220662782836147,29.624446710647593,107.23373369641007,21.3461848809134,86.14974783027323
Dhaka,Dhaka North,2022,260719.0,4084.44,36.23477132792718,265.9794326635365,49.867943612988654,55.95480661573008,36.79896017859914,11.302547606257956
Dhaka,Dhaka North,2023,264996.0,4084.44,27.567318931445318,4.296824728537948,28.12451139604868,27.03851072769069,35.48088393018839,47.98897033068233
Dhaka,Dhaka North,2024,264327.0,4084.44,16.138781262525193,38.707216655824595,33.02157962316803,21.69100103263334,40.94119740090922,19.068823815473788
Dhaka,Dhaka North,2025,272634.0,4084.44,19.790509708511426,57.91273453807046,43.27528891464904,43.2211702615441,17.020721522735563,18.814345946642444
Dhaka,Dhaka South,2010,161629.0,2301.0,2.7949459783548125,40.254833980096656,48.446382280840304,20.3754969175425,47.64807636229241,58.27824910049211
Dhaka,Dhaka South,2011,163516.0,2301.0,31.412684710123074,19.906895684930817,32.13028144185324,7.886011379812174,36.257758324745005,48.59088669205625
Dhaka,Dhaka South,2012,165718.0,2301.0,167.98736831458888,15.10532324917744,52.315928447960246,46.52180161384428,18.068857782543407,39.59832680653369
Dhaka,Dhaka South,2013,168557.0,2301.0,33.95740757694039,0.0,49.951719114291265,17.27191548703996,32.42108262314417,42.961734422360564
Dhaka,Dhaka South,2014,169252.0,2301.0,40.84759582760812,31.727988283155803,23.739818999536077,43.4731404825278,16.542509774127105,13.162073700636423
Dhaka,Dhaka South,2015,173060.0,2301.0,16.446433565020765,55.15907440207576,40.866993348358335,34.57944443331424,35.059402125144175,28.645863199554036
Dhaka,Dhaka South,2016,173700.0,2301.0,24.159505120896387,30.63696114201408,32.625532513324494,25.26096386046997,31.45518261152772,46.079078994550244
Dhaka,Dhaka South,2017,175270.0,2301.0,15.62076512488267,30.555612604075076,18.73382544956192,22.192571937242544,59.69264503143907,27.880813737411607
Dhaka,Dhaka South,2018,177054.0,2301.0,39.918767009476284,25.29698000864275,22.709054141555285,39.82565806589583,31.660000219717556,16.257665027130937
Dhaka,Dhaka South,2019,183115.0,2301.0,34.68067294829259,19.415888033617197,27.868359087402723,46.768872720154334,36.0661596480667,44.06626113767949
Dhaka,Dhaka South,2020,181150.0,2301.0,42.50135673356391,42.822683471099296,41.54808696920412,9.393078560031329,52.559328209683585,14.850467516929672
Dhaka,Dhaka South,2021,188110.0,2301.0,48.03198108622258,31.17185750732507,31.18245809631354,24.126597991333995,21.936228463438127,21.35393782980351
Dhaka,Dhaka South,2022,192647.0,2301.0,44.375719432902265,16.658575665556548,24.592202154392897,5.206289255914764,21.10243650671108,0.0
Dhaka,Dhaka South,2023,186655.0,2301.0,21.168412782380663,37.437388371649135,35.14248250829975,30.346727493530402,42.052148201893736,35.14310517796656
Dhaka,Dhaka South,2024,194034.0,2301.0,39.50310756936833,15.23151970227041,55.27303786816279,47.605983574217284,22.584402261703453,28.02449107643521
Dhaka,Dhaka South,2025,201939.0,2301.0,27.96256823145434,37.23452311982848,54.19561732654583,30.52690643468037,11.29247472992353,51.8221585422304
Dhaka,Gazipur,2010,541501.0,2693.44,42.86958956894614,37.74784106656336,46.182819529421735,15.166975980829836,37.79536319126531,1.2437373241357739
Dhaka,Gazipur,2011,548000.0,2693.44,51.821172605051636,42.45146784018735,49.913497967799756,43.14758792459242,50.60787469457525,13.578420867652653
Dhaka,Gazipur,2012,556212.0,2693.44,25.32282518192226,29.979153587041413,20.732667739398913,37.343526949257324,54.478375517034365,44.613445859234496
Dhaka,Gazipur,2013,559910.0,2693.44,40.007527800690305,28.949811685259306,40.97048831426103,41.725838737097966,40.330102341614754,38.42294632019939
Dhaka,Gazipur,2014,570865.0,,55.06450168172908,32.191998184465334,28.982826066132787,7.141182261155875,27.185834536545165,13.109559076229882
Dhaka,Gazipur,2015,577252.0,2693.44,26.846372861816374,211.30878331067993,44.80094369222853,36.159951739423576,22.792569488525828,24.382489180873904
Dhaka,Gazipur,2016,583060.0,2693.44,13.140151112775818,12.981425610656386,33.43302681019127,52.48106640517125,50.96085910082861,34.449617184478114
Dhaka,Gazipur,2017,585911.0,2693.44,18.912711974934403,33.035843243383226,30.01526615634209,53.8240178850801,51.48761933650173,39.97426567626667
Dhaka,Gazipur,2018,591575.0,2693.44,43.87449357172684,41.24432642048896,17.037638740176405,15.63861833644267,45.22015893164324,24.361428247009123
Dhaka,Gazipur,2019,612326.0,2693.44,20.77508150562855,21.39618617318578,0.0,15.464441828605306,40.733739470968544,39.14647782876468
Dhaka,Gazipur,2020,609400.0,2693.44,21.597948163890763,25.288475186819888,23.346234164563413,37.36748541196574,21.588659622126915,30.474823646133334
Dhaka,Gazipur,2021,631554.0,2693.44,49.69838331613604,56.17311695541244,28.572372942328464,24.266500039682256,84.72977450307287,19.0675400925939
Dhaka,Gazipur,2022,645980.0,2693.44,53.70542702915686,79.51937637849144,39.687218344738646,16.3425295528888,10.828480228849063,43.31140689205635
Dhaka,Gazipur,2023,647326.0,2693.44,23.01678680582285,46.552192358373325,16.470701078587137,43.187275554977965,10.800758438995606,29.97477786251727
Dhaka,Gazipur,2024,666069.0,2693.44,41.77405770965237,17.886793106579333,39.364270871278265,6.006935675801529,35.80152094169652,42.54585826528209
Dhaka,Gazipur,2025,652758.0,2693.44,28.87825545447523,39.88043740531606,29.679561140191986,28.18407972146374,40.5393755938441,4.3444807770327225
Dhaka,Narsingdi,2010,857038.0,1556.03,26.280492048031128,19.772460473709266,15.174635617789606,25.333532679970723,30.280319240962925,56.470935933265615
Dhaka,Narsingdi,2011,867235.0,1556.03,27.33523071111715,4.285415258667351,51.262815502276126,0.2660806471461049,45.48540389296256,20.329722696988025
Dhaka,Narsingdi,2012,882793.0,1556.03,27.4467595308839,44.2102961380157,51.720746608368195,22.879298037076722,44.90374769169003,39.625268842080054
Dhaka,Narsingdi,2013,888971.0,1556.03,38.96666039061878,32.26857497033255,37.833777888412314,17.702654023080758,37.27298378467246,53.54487585260031
Dhaka,Narsingdi,2014,902860.0,1556.03,9.316560698034463,37.51014983182539,29.437051709530017,32.62359966721611,46.49599808212007,36.18384539814869
Dhaka,Narsingdi,2015,920060.0,1556.03,29.753663877134272,21.532874574890936,12.72944372440102,17.421056809683794,38.194026658627294,53.595089842173024
Dhaka,Narsingdi,2016,931198.0,1556.03,50.74719508335187,31.36279474822791,58.666679069368215,11.304958665173444,19.095910591070066,36.25577652594792
Dhaka,Narsingdi,2017,925653.0,1556.03,27.149437081295307,48.48128236457671,26.949815182469898,22.9868066903985,7.626455139376851,24.909274891329222
Dhaka,Narsingdi,2018,946225.0,1556.03,41.619660426102975,46.878018154426044,0.0,14.480633843045416,23.090593260244525,25.78450188873318
Dhaka,Narsingdi,2019,951093.0,1556.03,12.626364094622797,23.369788485394402,45.53413083625652,42.52570490145028,14.622551431828924,38.66919898614856
Dhaka,Narsingdi,2020,987545.0,1556.03,28.01850973356298,24.706268987111887,44.90521818419959,42.86718909262209,31.260146867100765,34.98370896247358
Dhaka,Narsingdi,2021,966649.0,1556.03,3.9813812308515164,25.50951310757735,34.246783955654415,18.95174965686464,23.352979134046606,28.46850552134505
Dhaka,Narsingdi,2022,1011410.0,1556.03,51.81241386356737,25.524499314525773,47.27296209740763,32.89487297591068,40.990151699483974,1.167184747719793
Dhaka,Narsingdi,2023,1031797.0,1556.03,9.51403662899558,30.396315783644877,31.358353371277442,25.20777831326225,21.301144758973553,51.96749081537092
Dhaka,Narsingdi,2024,1007227.0,1556.03,5.112032015866952,38.6001311957379,0.8093565708587409,51.314868939437645,31.969857323126906,17.512106303443197
Dhaka,Narsingdi,2025,1023616.0,1556.03,46.288748644344956,26.2839351311019,11.512405555957027,32.0508409422359,14.455230446586821,29.01820013567419
Chittagong,Chittagong City,2010,963403.0,1388.62,41.52341715237669,45.230291357107205,32.26507185352658,22.160156913407082,50.882579623017676,28.365940453483738
Chittagong,Chittagong City,2011,975959.0,1388.62,32.34743040044745,44.95122297060422,15.904154575928981,22.81482432636034,37.19120163081812,0.0
Chittagong,Chittagong City,2012,990533.0,1388.62,18.88309886794031,25.710448043513452,34.75581768081068,25.051464203409882,3.8890661756903917,41.229628399441246
Chittagong,Chittagong City,2013,1002195.0,1388.62,41.96966688733126,49.172795353310306,19.31016464095569,28.83305157165447,20.30002432727347,40.13892729577715
Chittagong,Chittagong City,2014,1016669.0,1388.62,41.682261433329835,29.46631186983978,26.58246610501727,12.918290731186412,47.633960408890644,14.064311902697913
Chittagong,Chittagong City,2015,1032338.0,1388.62,43.78302557486511,32.17751166330918,8.78892969400303,16.908186001565447,26.747820741331527,16.88833435778558
Chittagong,Chittagong City,2016,1029295.0,1388.62,38.27515823751764,30.72004605585667,54.61182422236872,23.67446955605692,21.695914203852226,28.272991474272466
Chittagong,Chittagong City,2017,1060639.0,1388.62,32.716906972884615,45.0714584860892,38.729751747778835,26.716859015565,10.324455987060222,27.60960584642703
Chittagong,Chittagong City,2018,1081153.0,1388.62,44.75269786163228,4.659360009908824,46.855025870879,60.23828146760304,50.534035413091004,27.30096194802918
Chittagong,Chittagong City,2019,1083434.0,1388.62,22.619677435922526,50.91615174414311,14.284541353776284,14.894203183595621,15.684785423274873,29.305247063650448
Chittagong,Chittagong City,2020,1112876.0,1388.62,34.42513497901808,27.51269880018397,46.55800421200434,36.8233208397221,32.18552055019294,39.754837706106535
Chittagong,Chittagong City,2021,1103170.0,1388.62,33.220611863685505,51.33181911120558,38.61647597111025,10.223931505189556,17.929823282882996,35.78246353424656
Chittagong,Chittagong City,2022,1133110.0,1388.62,50.673960438676815,24.246027157748156,33.14307371167445,28.381899488528045,13.140800007652732,22.13744397486849
Chittagong,Chittagong City,2023,1157508.0,1388.62,16.5521931961427,13.258055657572244,5.823995752081766,21.9040444471047,49.64598182441669,23.297502953955757
Chittagong,Chittagong City,2024,1159652.0,1388.62,51.55637866758802,41.157149044499086,52.64967813074556,34.591942124270595,31.328468636343093,42.54049307893467
Chittagong,Chittagong City,2025,,,14.274669665792757,23.400890191805516,36.22512819941144,12.292783770879588,49.14895170537196,12.276672192828729
Chittagong,Cox's Bazar,2010,420701.0,4249.93,13.724464306085547,8.819774609179717,26.29310249882436,22.089740921766097,39.67664785866336,21.03010554959499
Chittagong,Cox's Bazar,2011,426542.0,4249.93,46.88017114228987,43.63540625733504,35.20720821801832,35.046355395621575,50.049367196024065,33.156955840194954
Chittagong,Cox's Bazar,2012,432832.0,4249.93,56.694304813777016,22.213348076730853,45.69764275884102,22.32051945697044,22.944590883766892,30.276803631029914
Chittagong,Cox's Bazar,2013,439344.0,4249.93,13.380176436050125,34.34262806161394,0.0,19.10530696007823,18.836124545146127,42.62091870341934
Chittagong,Cox's Bazar,2014,446358.0,4249.93,26.689948317046213,26.509108397119373,26.691938045222273,24.631581929283183,33.47792072107301,38.76386805320785
Chittagong,Cox's Bazar,2015,448832.0,4249.93,44.519958702945836,35.02571776272343,50.07548661651721,24.01245147513495,43.9065622933207,19.121559273785316
Chittagong,Cox's Bazar,2016,449647.0,4249.93,40.69168168988532,16.00673866886473,35.85209501575318,32.17348800531672,35.609290217188295,50.96512849721503
Chittagong,Cox's Bazar,2017,464427.0,4249.93,28.193123342043773,11.509398540703067,54.80983252484013,29.886572739730163,0.0,44.535747693099424
Chittagong,Cox's Bazar,2018,460699.0,4249.93,0.0,31.370675933329625,33.75196914631232,35.061122420817696,43.05658275679771,0.0
Chittagong,Cox's Bazar,2019,473384.0,4249.93,30.427078041527604,46.53437833259657,38.562732764171685,37.47138758607461,20.17957921669349,51.66689323546957
Chittagong,Cox's Bazar,2020,471248.0,4249.93,25.345594957298495,42.23186831536013,51.02062086365862,37.870280756282476,34.161737877369774,15.09342619506003
Chittagong,Cox's Bazar,2021,477380.0,4249.93,23.57664901690204,42.29169578959207,33.24865117558881,28.43861622454958,46.18073730521342,22.465916117823944
Chittagong,Cox's Bazar,2022,497177.0,4249.93,19.051904900077947,52.41151707273483,2.893512454841767,19.482000947661014,46.52613627461624,0.0
Chittagong,Cox's Bazar,2023,498104.0,4249.93,46.61967951620498,0.0,0.0,26.943445073827295,33.11709639515009,8.436496582989866
Chittagong,Cox's Bazar,2024,501252.0,4249.93,25.850282174211024,8.347760743744143,45.7619409890447,30.030661280676824,26.290263752354445,49.483332922593014
Chittagong,Cox's Bazar,2025,505978.0,4249.93,49.63446652800478,0.0,34.04139785005607,23.146551214498608,21.507137250769933,56.948767726072184
Chittagong,Feni,2010,239883.0,4296.42,43.87591634660948,55.2963822515601,45.55155100048735,19.530549299723518,24.03016551054749,33.468166634030766
Chittagong,Feni,2011,242677.0,4296.42,73.73615640495824,37.187120825036516,13.688942080028788,26.792295596998958,50.0461351623869,42.78932028347571
Chittagong,Feni,2012,245724.0,4296.42,29.976360801902096,0.0,43.86920798001956,45.208861171287964,33.395613832086056,28.492967067375282
Chittagong,Feni,2013,250138.0,4296.42,47.78543527452815,31.039971504496666,32.70934858616716,13.442207410959593,40.10160249867202,233.37045971202028
Chittagong,Feni,2014,253663.0,4296.42,17.748072880349213,10.549594821934571,29.59995782168535,30.51643680888224,44.66628514054204,48.01345513024159
Chittagong,Feni,2015,253763.0,4296.42,31.924079819604987,5.499786544246579,47.64228251677568,44.28684559390994,30.474932567176342,17.286166889801095
Chittagong,Feni,2016,256472.0,4296.42,23.192319007597483,39.3159236492787,35.35430606186127,162.9352361734071,7.163774092992103,34.368490127314054
Chittagong,Feni,2017,265225.0,4296.42,22.684833199682416,55.842044175245476,27.7811148424263,43.340676680698294,50.888640151688875,25.2159409891068
Chittagong,Feni,2018,262390.0,4296.42,42.96780987233601,8.023059946137097,45.552793459687834,51.576511572230565,27.068127234616778,21.227749010869367
Chittagong,Feni,2019,271419.0,4296.42,25.664281654910564,25.311795577056696,41.00455712198344,54.33303070018972,0.0,59.13582243679316
Chittagong,Feni,2020,270946.0,4296.42,30.22858097301335,21.84704454627024,51.56965608606485,143.9407828880743,39.765553464378904,48.191739924254044
Chittagong,Feni,2021,271553.0,4296.42,47.88844156329122,55.63255170982531,36.334903259077535,0.0,27.303716010934945,41.66913880075806
Chittagong,Feni,2022,278554.0,4296.42,38.620187769705645,20.96705296817624,38.2459134055085,47.20614921170382,13.594764468697296,54.45523398705838
Chittagong,Feni,2023,282569.0,4296.42,36.627548301801674,0.0,2.7592217503211596,15.643547526339635,25.67415116454148,20.413954497521765
Chittagong,Feni,2024,287995.0,4296.42,33.816712208033465,48.513945649700936,32.01160355849784,30.05084415165139,24.139314698127848,48.46564307331009
Chittagong,Feni,2025,285683.0,4296.42,0.0,41.57055863118489,17.203036256702692,28.772881766064742,9.717622353466709,36.12457290440746
Chittagong,Comilla,2010,704489.0,2353.39,0.0,40.36575117144589,51.45156854830079,42.720657296387905,53.097650768627,35.34990523466215
Chittagong,Comilla,2011,714299.0,2353.39,39.120240578796775,25.57618468167054,0.0,0.0,16.89787459621287,33.7408053948289
Chittagong,Comilla,2012,721392.0,,49.720193209237394,33.83287765982988,26.480369347937117,43.6315721935588,38.152632718470784,30.301056212477977
Chittagong,Comilla,2013,729786.0,2353.39,48.773013590477696,13.19484483957827,32.329319266418615,26.69074455894509,21.52519046612916,48.864613114805145
Chittagong,Comilla,2014,737559.0,2353.39,32.936194267077724,33.37979025111537,27.842173485162135,39.11348880264914,42.64247551399096,49.84147308216254
Chittagong,Comilla,2015,747992.0,,33.86349790059088,22.17544430164813,26.462797155616734,42.00301200688953,60.724439441730766,44.91825167566899
Chittagong,Comilla,2016,753716.0,2353.39,26.039190464203724,140.9584625693863,55.10046212423154,38.819021274157066,25.02661791018457,34.25628470740706
Chittagong,Comilla,2017,777664.0,2353.39,37.99561800496647,40.07239436700403,28.860608574003948,23.383398229192377,39.139880278328015,0.0
Chittagong,Comilla,2018,786117.0,2353.39,40.97828444993688,50.567415474190724,26.98569534744047,34.85132543491129,49.25202434079935,51.793022843934054
Chittagong,Comilla,2019,805426.0,2353.39,14.82025773524435,50.35062861779596,14.00475568752543,17.795130680684434,15.111616842112275,49.85636271330732
Chittagong,Comilla,2020,795292.0,2353.39,19.746010324234117,11.955266763142916,22.636184990439595,29.83370335542815,45.6876762630174,31.99824079515305
Chittagong,Comilla,2021,805241.0,2353.39,44.66481020031667,32.14710512846516,48.810496769287546,38.29580087690121,31.667070575254932,35.33007007584364
Chittagong,Comilla,2022,832885.0,2353.39,18.703224193145072,31.867662528668294,22.778694590812385,25.50955514749489,47.28373663538697,17.119229645291036
Chittagong,Comilla,2023,835723.0,2353.39,43.50215391868213,23.50107596990582,25.557371874328734,36.831237627827065,27.116078866527715,27.737255718905907
Chittagong,Comilla,2024,840863.0,2353.39,42.08813051264772,18.7046464653873,37.06495913904704,18.183515235900394,3.815494686424653,47.44453911739311
Chittagong,Comilla,2025,840021.0,2353.39,24.136439693828745,50.9338985097361,32.59835226906463,19.573416906055304,31.68386670986236,32.69370802642454
Khulna,Khulna City,2010,483152.0,1767.27,17.134945317863465,29.4343378938501,25.378313255994712,12.939703837545805,8.762606101998063,33.31994983631352
Khulna,Khulna City,2011,489923.0,1767.27,30.13833409311469,56.32660210432668,35.28693389140744,25.92262836446971,32.06128958252853,36.960837190964696
Khulna,Khulna City,2012,497372.0,1767.27,29.786474075822856,40.68876465476518,30.08160474297864,32.85837500378211,21.09965806724142,34.71877312389767
Khulna,Khulna City,2013,501030.0,1767.27,39.76086354614103,35.145797373444026,38.75626588957284,36.85859867545469,23.3516674201091,35.62689127994826
Khulna,Khulna City,2014,511252.0,1767.27,40.75117208851082,5.331377677567829,32.89599907839929,35.45446324528776,39.68339888969712,45.773755623874166
Khulna,Khulna City,2015,514399.0,1767.27,47.24048227468339,21.988479536226652,36.02245529620395,19.061725560162454,20.96223567965636,51.69995860294888
Khulna,Khulna City,2016,523761.0,1767.27,44.282369928200154,26.097648666560765,18.384110501657688,33.20295132214259,57.28679420094968,45.816233740606236
Khulna,Khulna City,2017,526308.0,1767.27,23.381202861994762,15.235770310542666,29.05230096674727,12.869854082197374,32.82294592923688,34.35233878842086
Khulna,Khulna City,2018,533053.0,1767.27,41.0698206168389,48.572467204636936,22.171658872312467,49.50840767118167,0.0,21.30493726465146
Khulna,Khulna City,2019,542965.0,1767.27,18.62686280423055,20.295638437293434,8.154699853864873,42.5657769856673,50.55571588317126,19.33060806565145
Khulna,Khulna City,2020,546444.0,1767.27,27.68471005436803,24.822955177161933,44.33948312446139,10.04215240771049,44.10481201332173,32.37959157980256
Khulna,Khulna City,2021,545649.0,1767.27,24.379329960577977,42.296692484699186,49.34011606356694,45.87076323244163,4.358544594164835,33.236649312463705
Khulna,Khulna City,2022,556054.0,1767.27,41.15994193819505,17.396798442271045,53.73856073169887,37.57944950420401,22.110645392002823,15.6329268053462
Khulna,Khulna City,2023,575098.0,1767.27,43.727028091439465,46.88164976480344,50.2681733346734,10.658828769288867,46.6779316452923,44.195782167873624
Khulna,Khulna City,2024,,1767.27,25.95156961059279,47.53042645977793,143.91507009202098,33.10993712446214,18.307552486267515,44.157287882310484
Khulna,Khulna City,2025,581481.0,1767.27,22.0708129729621,32.894795869918156,40.81338602496716,7.621790822009296,18.685588600319587,52.96373772283458
Khulna,Jessore,2010,597488.0,2700.66,31.461593399955518,24.5759243309258,45.45391030474478,24.14509784448445,23.402865558951415,17.107577337812895
Khulna,Jessore,2011,606391.0,2700.66,33.568224685530716,27.769300280394198,19.050400693861896,17.74210902998289,37.22134191600613,47.808490285748015
Khulna,Jessore,2012,615384.0,2700.66,38.841188246583194,37.203409941836455,41.22332317782448,16.735333621366905,0.0,42.56181876598945
Khulna,Jessore,2013,620468.0,2700.66,40.436493783347785,31.921467417002447,162.05155499582372,10.405712232638624,38.346942187884224,20.47038894455347
Khulna,Jessore,2014,625632.0,2700.66,28.621192750247623,35.976065974697136,27.265379988482803,21.76144386150047,49.8858826812306,26.92945805455365
Khulna,Jessore,2015,643442.0,2700.66,13.196400062102722,42.68034030727591,35.507432020022634,18.672393020877283,41.92800111593068,35.16236300151889
Khulna,Jessore,2016,646262.0,2700.66,39.77296383552789,8.70262280031836,37.113728198516114,13.530288776057409,27.530669863052456,25.208986820769365
Khulna,Jessore,2017,646313.0,2700.66,40.722574084673646,15.533386482156784,122.52040207013798,33.85378220606546,55.287767186913584,18.789850921980882
Khulna,Jessore,2018,654020.0,2700.66,19.325736439828958,45.85176031673648,38.530506377470296,19.765596864801125,16.338604274935676,31.240010631907975
Khulna,Jessore,2019,675622.0,2700.66,50.778486532635064,183.93512361413923,50.49567624002017,38.61940578133099,24.697749406555598,41.47761914405873
Khulna,Jessore,2020,670760.0,2700.66,57.51207764752803,21.169405819842382,32.00850952883057,71.20091667268956,9.22096383440059,26.662996067777783
Khulna,Jessore,2021,701128.0,2700.66,10.495951508601989,51.8600499493136,132.54260787350353,29.560022119607755,25.233478129226718,30.811647035538904
Khulna,Jessore,2022,690053.0,2700.66,16.569565923199917,24.42947621906261,16.568459220765153,0.0,0.0,21.872613657355526
Khulna,Jessore,2023,713251.0,2700.66,106.43552789168163,1.638625339737056,57.314191773690574,43.104296882155644,21.258409141453484,44.53316051796014
Khulna,Jessore,2024,701437.0,2700.66,42.22449837006975,33.300742156154534,40.00240433817858,36.94585017887314,35.210878692065315,11.276313238809976
Khulna,Jessore,2025,716782.0,2700.66,49.088850072851024,53.25561143347535,33.52628180598494,55.859157408015804,56.75980691191534,44.24130829837706
Khulna,Satkhira,2010,247646.0,868.85,28.85432212475655,24.608870473280163,49.17443453666675,30.30362217572021,46.29210939439825,4.561121824331577
Khulna,Satkhira,2011,250693.0,868.85,18.25358984251068,34.16942798139094,49.529549065599866,32.625859205592256,26.017210555569886,28.273284079058467
Khulna,Satkhira,2012,254764.0,868.85,48.82837913586361,17.102345671941418,0.0,23.58512429427051,45.99656246519943,39.031707018589515
Khulna,Satkhira,2013,256613.0,868.85,33.76706224823436,35.337799290816754,46.29253460376892,33.964264265417285,45.23601338921057,81.15180120726376
Khulna,Satkhira,2014,262788.0,868.85,42.29298991868317,6.635524724248066,4.042370580382299,4.138410816180535,9.653873529666898,20.624546153013785
Khulna,Satkhira,2015,265407.0,868.85,30.069969719872596,28.279670116166333,0.0,4.62582753545179,0.0,32.441823215043435
Khulna,Satkhira,2016,270071.0,868.85,13.870839741469785,27.571664657133603,17.745076121839553,26.847698995127097,16.08842768623414,12.34005672923032
Khulna,Satkhira,2017,268214.0,868.85,45.572211660170275,30.050981848476873,32.09236118216856,54.41137643425896,53.13178381838709,47.27180355881761
Khulna,Satkhira,2018,278687.0,868.85,40.787106284086434,41.77785958521449,18.2306188532126,16.249262474065215,36.154161585126786,22.49295342401983
Khulna,Satkhira,2019,281642.0,868.85,30.363152075486017,30.749528802083827,11.820465989745573,37.7869256801433,18.922947939105196,12.17207875476198
Khulna,Satkhira,2020,277229.0,868.85,24.894652321717018,22.87673648007661,13.858443221255474,40.88046332450159,75.4485687409573,2.8242880477319954
Khulna,Satkhira,2021,283685.0,868.85,39.188132455880904,18.86144206607066,19.072926777733464,34.61241755348436,0.0,23.505358860151386
Khulna,Satkhira,2022,294093.0,868.85,57.956475165764274,22.882645984538055,32.56793008084029,38.51088489960372,43.75489686177256,40.5952999208667
Khulna,Satkhira,2023,289728.0,868.85,34.99786066441949,42.928682545518015,45.28801887052883,43.990073153135334,23.017814778776515,20.89237593264465
Khulna,Satkhira,2024,296521.0,868.85,9.136830115470925,32.564896626524934,42.55337948554532,30.958287363535916,39.030413592565694,41.363095729829396
Khulna,Satkhira,2025,302795.0,868.85,19.299896686786195,16.125985103000474,40.7883324388847,29.196167505229624,57.35786244229655,25.347050688845854
Khulna,Bagerhat,2010,451136.0,2269.68,53.152703219537486,41.210239140450796,52.9303514311318,38.261015470599474,20.629886459347453,24.913508600314273
Khulna,Bagerhat,2011,456213.0,2269.68,25.38117926766945,40.91813893255979,52.0299837047735,40.507296519386905,36.82859243550534,41.761487654635665
Khulna,Bagerhat,2012,463400.0,2269.68,12.287164512737057,49.39404532454989,27.998660394596207,54.045571982535094,12.204274296521143,17.806744683430445
Khulna,Bagerhat,2013,470701.0,2269.68,25.912266673801426,43.84474325380014,17.378031277318616,42.33716536624028,18.614598412321254,43.67034667437071
Khulna,Bagerhat,2014,475755.0,2269.68,29.934794717247193,18.773600577753953,0.0,31.10838839501489,15.887136238045903,46.85303791435819
Khulna,Bagerhat,2015,484632.0,2269.68,33.72267868857582,39.04680098992185,46.501932356393645,112.63614756042449,21.54491695262143,39.086735921459216
Khulna,Bagerhat,2016,483949.0,2269.68,22.364409089711415,15.35721053104182,25.944302378708365,32.21879697177073,15.668433868968778,0.0
Khulna,Bagerhat,2017,499805.0,2269.68,33.12733618533919,26.285744221470164,26.78603535224392,50.19038338961188,19.15384436138381,25.832125109662872
Khulna,Bagerhat,2018,505333.0,2269.68,36.41047757097807,13.316149033075938,27.290107815646664,51.72729767616116,49.22935401614639,19.454590085280486
Khulna,Bagerhat,2019,513399.0,2269.68,52.74068028061787,15.899116975703445,12.04375219894598,37.49850927609249,44.64547201482884,24.900622421614603
Khulna,Bagerhat,2020,506156.0,2269.68,19.957788090643724,33.8307945870749,25.930132504283044,17.069884235499064,42.28354496565708,35.02079807321403
Khulna,Bagerhat,2021,512671.0,2269.68,21.41422896607792,15.675069857525918,50.636100069992146,45.88543824538725,0.0,37.15589698369591
Khulna,Bagerhat,2022,534681.0,2269.68,30.93738430681138,14.169507683466742,17.46628874917721,17.235521540579867,45.79684735663686,46.03943650587824
Khulna,Bagerhat,2023,540412.0,2269.68,7.306099065388114,54.47834602554353,18.48563007776011,50.32678838443533,52.04285730438117,0.0
Khulna,Bagerhat,2024,547233.0,2269.68,0.0,32.17796206293382,15.005304090444842,24.954517246306985,16.962899124160913,206.28658543820848
Khulna,Bagerhat,2025,548513.0,2269.68,10.282323036983795,35.203148871016296,32.21184135579082,57.200008623389465,12.243463910911876,47.967178082341775
Rajshahi,Rajshahi City,2010,445992.0,4695.57,14.651829662556828,28.799421678132795,89.513698314104,35.28556359866488,37.995508292946624,42.39729626690009
Rajshahi,Rajshahi City,2011,452554.0,4695.57,41.6493448260717,19.350154125808906,48.27305388929919,24.434964099620746,29.697067985961887,36.393603356643226
Rajshahi,Rajshahi City,2012,456735.0,4695.57,35.65588519555044,24.24443834247727,19.700481268324765,275.29094128616725,22.49792297662241,45.77497206085642
Rajshahi,Rajshahi City,2013,464678.0,4695.57,30.066630876106785,35.222112978879025,32.925644381290695,0.0,35.13001394504482,3.637714441053577
Rajshahi,Rajshahi City,2014,469644.0,4695.57,53.14407605956274,37.24489846856646,16.225682606570484,20.517309165760928,23.7181379192622,42.85510172136334
Rajshahi,Rajshahi City,2015,479946.0,4695.57,37.12876188529534,17.49691248166063,40.800904388827654,54.3530509116757,50.79245110403786,2.7415504390459406
Rajshahi,Rajshahi City,2016,481071.0,4695.57,38.0884902983739,48.44993317952981,47.910257106058616,24.391499046484295,35.85239386912521,37.72353586174386
Rajshahi,Rajshahi City,2017,481862.0,4695.57,24.680413589824923,42.58763206981838,22.95288529444836,22.44919413368536,58.58872906089425,53.340442323619946
Rajshahi,Rajshahi City,2018,499498.0,4695.57,28.55767365378431,28.027471132198684,45.83610538738386,37.0655886133862,57.293822337499904,26.840333927725904
Rajshahi,Rajshahi City,2019,509874.0,4695.57,32.28918786067157,56.61575349252703,0.0,48.36855681944837,44.476175223979006,38.659185977260506
Rajshahi,Rajshahi City,2020,497721.0,4695.57,0.0,42.97273661703473,47.342825808946884,21.300977470708524,34.32127267250095,32.235499439603515
Rajshahi,Rajshahi City,2021,513637.0,4695.57,38.20089518592493,44.08662452828837,14.304630673985649,51.63921555940925,34.836701140494185,27.86542094203736
Rajshahi,Rajshahi City,2022,531387.0,4695.57,45.90557190162073,28.24076305244374,12.784737803967532,45.290361304601205,11.970264418897148,40.05671495121083
Rajshahi,Rajshahi City,2023,525131.0,4695.57,0.0,43.121052808870154,94.53203182645458,57.0193767579739,18.938064529192115,18.292504094704984
Rajshahi,Rajshahi City,2024,543733.0,4695.57,25.8533217184173,22.233324824030227,49.89749478463178,27.13823989255024,15.881683467705283,48.05204655052482
Rajshahi,Rajshahi City,2025,,4695.57,28.016529922467264,20.499615636934593,42.79117364902375,26.80933534417944,26.08927325511989,49.3051230333362
Rajshahi,Pabna,2010,376735.0,908.24,47.857769086259694,21.84663212599676,40.38218643101709,40.74015116984438,30.493980722433324,26.94893108521827
Rajshahi,Pabna,2011,381686.0,908.24,26.554699587013094,50.79190028707042,38.01632708578575,28.839501530893138,19.88884621097755,147.0785703900202
Rajshahi,Pabna,2012,385978.0,908.24,31.779750050096364,17.298027337765255,37.142079892619314,40.70379603413699,32.18419265743241,32.87570158956902
Rajshahi,Pabna,2013,390388.0,908.24,16.9532650722917,7.312911883574927,27.941053349026046,18.71922660372169,45.81786849853004,39.48808262317459
Rajshahi,Pabna,2014,395543.0,908.24,42.71569477844855,37.069038198440616,0.0,24.660588281046355,40.544659479404594,15.055688717258064
Rajshahi,Pabna,2015,405236.0,908.24,14.287177246947627,20.720465038540617,14.202550594295111,268.3965235460179,23.159171308723316,0.0
Rajshahi,Pabna,2016,404752.0,908.24,0.0,36.31311010571563,1.525879445511383,39.401355168861336,16.185386959860885,7.404864865698423
Rajshahi,Pabna,2017,408449.0,908.24,20.43327370990423,16.657174194540058,33.44524466178099,39.69859564038347,51.38960902348863,54.163673291133726
Rajshahi,Pabna,2018,419155.0,908.24,20.84385675731113,0.0,37.6466208126391,24.0001459755851,19.118605619188475,36.44076371239231
Rajshahi,Pabna,2019,424544.0,908.24,33.31851310358937,37.30990482474856,41.086815625956284,42.62538113024296,25.868910855241616,26.460942160806947
Rajshahi,Pabna,2020,427707.0,908.24,27.549070923182864,32.14544797806785,35.594105458512814,49.6960018816386,37.237578588632175,23.60916077930083
Rajshahi,Pabna,2021,433622.0,908.24,16.573688463830276,33.20225814192412,26.0235838659516,21.245426055900296,0.0,20.528331620621607
Rajshahi,Pabna,2022,448722.0,908.24,25.741655222955885,34.09347739454662,32.61487260380998,18.644468190548412,34.99784531950083,23.348307033830658
Rajshahi,Pabna,2023,450970.0,908.24,29.915536479425054,42.297517633080865,32.42748661820921,38.6709809412267,101.61199255505962,354.2931819346552
Rajshahi,Pabna,2024,446713.0,908.24,50.04244589627818,50.72681512667367,35.84557349542879,28.09205485424478,16.950939711514042,25.967680125335193
Rajshahi,Pabna,2025,450614.0,908.24,35.17845575186901,26.450240671303423,25.553922302360405,20.019565449924123,48.03266625028898,20.743340597446938
Rajshahi,Natore,2010,379365.0,4860.25,46.6967327966895,38.79038506250627,15.062657110719014,24.813932998121754,19.914302261719385,110.21177584961465
Rajshahi,Natore,2011,385030.0,4860.25,48.956125602433744,24.711136190090443,29.867909042893302,47.90917733507844,56.410191404045975,19.42556114885493
Rajshahi,Natore,2012,388758.0,4860.25,20.05986556478839,53.67982399808401,29.881662971125174,31.35813059414422,28.35229549570934,29.20796650625546
Rajshahi,Natore,2013,395082.0,4860.25,30.135640136822797,48.4373092431742,20.594504214206882,50.394630901320554,38.673421817919305,24.493715062182844
Rajshahi,Natore,2014,398788.0,4860.25,50.61711087343265,27.888788329812247,22.029529775368392,20.074435379381484,33.56864416186622,44.94284825714128
Rajshahi,Natore,2015,402965.0,4860.25,23.97401255994052,32.85611465654008,28.798399261290186,37.530549481454614,42.73120541522222,17.97439762048166
Rajshahi,Natore,2016,409048.0,4860.25,35.18179733008267,56.8255223326909,53.521142592160395,49.772964081718904,182.39841318800305,50.92486619068994
Rajshahi,Natore,2017,417050.0,4860.25,0.0,33.683328535670356,14.564293925680392,40.630599756511934,26.055660495334628,34.57057867821246
Rajshahi,Natore,2018,421261.0,,45.141289101759334,26.562189186872125,28.958864681865556,28.232771925290645,27.45370876471115,35.501487527067795
Rajshahi,Natore,2019,422180.0,4860.25,57.81914662391833,43.078632969914004,33.55396143813484,6.182905053723605,33.89415313950346,44.08404236413619
Rajshahi,Natore,2020,428751.0,4860.25,21.056563477314587,30.925224531775527,53.638597129808616,25.062801181769746,54.44880641515207,28.775534242877043
Rajshahi,Natore,2021,446129.0,4860.25,27.68345167194671,18.99805870107552,44.403493672177504,0.0,41.200923840007405,48.90101190378282
Rajshahi,Natore,2022,452842.0,4860.25,20.849211840309763,33.754378371691864,33.32136528051949,48.43042534299971,17.930885410508186,11.23147518786923
Rajshahi,Natore,2023,437779.0,4860.25,20.885236371797987,21.752292193012245,8.504935635003072,39.54058816176976,10.519156466845342,28.325171124465616
Rajshahi,Natore,2024,447223.0,4860.25,31.146252219876832,28.92279858656121,32.429818617579436,2.9753114860207948,17.478047339089393,50.90355451915966
Rajshahi,Natore,2025,452368.0,4860.25,19.22155483670891,36.76912908351278,18.398645042043018,23.94708310100375,37.24257436256223,51.37762803380983
Rajshahi,Bogra,2010,959705.0,3168.42,12.385463922165435,39.62260388679815,27.883525897312104,24.470132394556945,24.843097421689556,52.34038490724227
Rajshahi,Bogra,2011,972728.0,3168.42,42.97591687020763,15.855154730455777,35.24921527342412,9.062937993374842,44.552022723375,54.616921096076894
Rajshahi,Bogra,2012,982770.0,3168.42,31.601182969834,20.414670618763086,0.0,8.934961197712258,52.68696572888595,36.93810028340579
Rajshahi,Bogra,2013,991759.0,3168.42,10.50471759600833,51.60788227107823,17.24166404528067,17.105473287509508,43.894711493728195,49.4317813055895
Rajshahi,Bogra,2014,1016796.0,3168.42,0.0,30.689286675875632,25.69027189524187,104.38175750944912,9.404673664756618,35.51520359882572
Rajshahi,Bogra,2015,1023409.0,3168.42,31.491176840323043,54.83779397094304,66.47817966308914,53.47697031349705,50.05723384280324,29.413019976125355
Rajshahi,Bogra,2016,1041674.0,3168.42,0.0,46.31638232649804,34.89053196203196,22.89543814576804,43.82414448105809,17.647584505702092
Rajshahi,Bogra,2017,1058508.0,3168.42,5.213385466758392,38.289841434405815,36.18215489968728,25.140403145017277,35.443212014754906,29.622452222251805
Rajshahi,Bogra,2018,1062773.0,3168.42,23.132419896231603,35.059671881858144,49.309957649935725,32.8449291192733,23.10959607338451,41.09850870214785
Rajshahi,Bogra,2019,1090050.0,3168.42,36.637529827628,25.4359619718581,14.85181042901984,23.950906009943186,35.19119589748314,45.44081892607683
Rajshahi,Bogra,2020,1083528.0,3168.42,48.16041682916896,34.79680262704602,39.564422309086474,53.64958925850965,25.192043997323342,43.93663658592945
Rajshahi,Bogra,2021,1097633.0,3168.42,33.09257537767761,291.46402366657884,16.000512709417762,15.143456796151245,15.404879416127166,50.0675510106777
Rajshahi,Bogra,2022,1122062.0,3168.42,46.54136372278691,38.17799436412819,38.137195377998424,49.009007269114655,25.444992758742934,33.427472264636805
Rajshahi,Bogra,2023,1121494.0,3168.42,8.70546526236806,23.786218533475328,24.432258111098044,20.890192167936874,27.151638648575595,18.473438720207145
Rajshahi,Bogra,2024,1153534.0,3168.42,34.194345666975494,25.18822985042301,31.886257824772184,29.64910999538299,30.656506108503695,11.165762367125241
Rajshahi,Bogra,2025,1165002.0,3168.42,45.64229889765752,109.53249454208506,30.340738161303655,50.42481082080999,19.155581556514385,30.694521445186773
Barisal,Barisal City,2010,584441.0,,38.52688633619856,14.532338198707233,32.86365379148792,28.124012758496942,43.08918686935007,48.64256909473565
Barisal,Barisal City,2011,590952.0,2452.0,47.581730120868954,50.83768537852434,17.035216192842626,41.87811660825186,154.86878084199037,33.18273801132864
Barisal,Barisal City,2012,601241.0,2452.0,14.174265896494344,0.0,16.38854866757838,22.174433065648447,52.910778259488815,24.941318750471872
Barisal,Barisal City,2013,606847.0,2452.0,29.493517449260935,51.219983349190535,24.251695054194194,25.92312614246008,49.73370220906135,44.99712175728524
Barisal,Barisal City,2014,614725.0,2452.0,28.86630882008075,181.4475110132335,22.454837067348876,49.887137733001694,47.148595241495016,26.17066569301428
Barisal,Barisal City,2015,619607.0,2452.0,39.608295627410435,17.61699299890989,51.645272772120656,2.017537532760427,42.22679344557037,14.934929222655356
Barisal,Barisal City,2016,634994.0,2452.0,35.819518140555495,0.0,57.042537878165156,42.49770762096745,12.476300859439675,25.322244094952012
Barisal,Barisal City,2017,636578.0,2452.0,41.93517025184209,20.97411137330509,37.7395620318088,36.815826385229435,50.207089754296184,1.5288225906864104
Barisal,Barisal City,2018,642207.0,2452.0,38.38735822952595,180.79745591012176,49.04585753492687,35.61820986865082,37.32046336488263,45.82845101949705
Barisal,Barisal City,2019,657919.0,2452.0,56.5957133822168,64.96987107703725,61.55903571143476,46.19296757991877,22.995022812918968,42.249620363579005
Barisal,Barisal City,2020,678178.0,2452.0,214.80461388269464,0.0,12.727035781175367,5.275098805896812,15.634254371271329,17.62321289019439
Barisal,Barisal City,2021,679763.0,2452.0,28.454094898732542,28.511822140585615,35.94747588190358,25.858664729116313,49.135607494470754,18.42039821079571
Barisal,Barisal City,2022,690498.0,2452.0,25.244714737378196,34.821991141805675,19.63715643504139,39.53804366506178,25.962932967332552,0.0
Barisal,Barisal City,2023,685706.0,2452.0,49.73898493602119,27.748604431223175,51.69316821049121,34.91998363685712,52.29190373772206,20.79685678641235
Barisal,Barisal City,2024,703643.0,2452.0,34.57378181037019,35.109427140632064,36.479682914879014,3.9034567507278553,38.635436935769896,39.568339209879795
Barisal,Barisal City,2025,714213.0,2452.0,81.08070998380467,22.37371492965975,8.296069062968808,0.0,27.002738921989828,45.24753535048622
Barisal,Patuakhali,2010,791495.0,4514.33,30.447828475091566,24.58682343042819,47.644283077257846,14.011207283822353,38.1721928596851,24.660776036975392
Barisal,Patuakhali,2011,802744.0,4514.33,13.997670571077704,37.45296742737674,18.566504565087047,25.35892808728819,24.947132217761464,19.036018452188173
Barisal,Patuakhali,2012,810685.0,4514.33,32.57931182443665,30.56427977829702,16.05395054430157,50.134082388380286,14.042912988392757,41.98653705825989
Barisal,Patuakhali,2013,820963.0,4514.33,3.163309055760549,34.84265570197116,1.2568801726520409,13.69937648902888,30.547345126025746,44.62652247138648
Barisal,Patuakhali,2014,831027.0,4514.33,14.833727111048608,15.2944087002735,18.974814166472626,28.698886307527,58.4595494983086,41.472425349960716
Barisal,Patuakhali,2015,844261.0,4514.33,46.24730403176171,54.09339063028825,53.34918983452132,39.49882897624757,49.41385489458452,15.927849018296653
Barisal,Patuakhali,2016,845817.0,4514.33,54.18903196203905,27.013174566630973,39.718664090849195,35.62738497108654,48.363266977365846,40.45422987062061
Barisal,Patuakhali,2017,859561.0,4514.33,24.329353425622685,22.968310263604458,34.03545424398469,18.15841475664161,35.328752417953396,21.82345444987961
Barisal,Patuakhali,2018,872268.0,4514.33,48.61211795270477,32.83943261677541,21.719095269447703,16.00680856445833,52.896649795188125,25.92916589098258
Barisal,Patuakhali,2019,,4514.33,27.852322100092362,196.60448509125962,39.2365643029545,46.95309548585973,38.16970822956761,52.46269373685335
Barisal,Patuakhali,2020,886784.0,4514.33,61.647226176772946,46.95203427520345,2.042554936347144,29.672866096828564,40.695390467869984,29.59451824543201
Barisal,Patuakhali,2021,904026.0,4514.33,40.888329943304015,24.021479943439292,0.0,35.11142689241036,31.34878982921394,17.044906724020972
Barisal,Patuakhali,2022,918058.0,,23.06212901994359,58.8843871591546,41.22516417648679,0.0,37.12061039393733,44.99177053758377
Barisal,Patuakhali,2023,942120.0,4514.33,28.94685942107961,49.27323572058221,51.377493632615256,10.935305418918352,35.68230094755141,24.074357166123455
Barisal,Patuakhali,2024,952988.0,4514.33,46.70964846565026,53.08522358291057,24.983412854451977,17.94804421455901,120.72584057149692,57.72015922823197
Barisal,Patuakhali,2025,968699.0,4514.33,45.413188791167656,17.741970555086155,31.59829019897618,40.26991638626375,16.454675835579625,24.915049438491856
Barisal,Bhola,2010,313807.0,2995.2,42.420565525673,44.74393411843452,26.954096156307436,36.53754075991462,39.10091501963162,38.24674406600945
Barisal,Bhola,2011,318192.0,2995.2,30.518505522115706,27.993944296904356,37.27346515564584,29.58429037615921,41.82595845702293,34.42704760604608
Barisal,Bhola,2012,,2995.2,2.7336967985018252,11.932273580642104,56.55081634005923,29.549469389781066,39.39360941058939,42.00976974753517
Barisal,Bhola,2013,324393.0,2995.2,27.981402215653816,41.630886115045115,43.20137590687334,20.183705632574707,25.38040359633275,48.203172133003065
Barisal,Bhola,2014,328902.0,2995.2,48.16811989648942,55.04022247575789,42.15796524990918,25.103400836730216,0.8654390935495159,29.70914136516812
Barisal,Bhola,2015,334534.0,2995.2,50.61895453738895,30.691445846506692,5.425011664943852,48.20896093238209,29.726785550782964,21.730889702668517
Barisal,Bhola,2016,335954.0,2995.2,33.93046703122158,61.20812291689643,23.57453786753749,52.4879650890292,37.1499953744467,51.73216765416254
Barisal,Bhola,2017,339401.0,2995.2,19.778366602577822,24.0643234224556,56.76490263583889,35.75211722020394,44.75014253345877,51.874319951991
Barisal,Bhola,2018,344855.0,2995.2,1.6007625565524954,46.35393179519652,43.92378761960668,33.20361887792074,47.46339380914764,27.911021179495034
Barisal,Bhola,2019,357247.0,2995.2,28.471994143856204,1.506124265308547,47.94716289730493,45.18413763499361,22.23832164452778,51.12763596846464
Barisal,Bhola,2020,362568.0,2995.2,21.122803988678584,23.66337687402887,45.23468939117161,27.67011624505298,31.017823148709674,5.623414058938589
Barisal,Bhola,2021,364981.0,2995.2,23.840887198482996,29.91378890453198,28.22691888031311,9.61121651563785,41.88431975823132,13.060795667875022
Barisal,Bhola,2022,358034.0,2995.2,35.96968533821583,36.43781746645969,21.976511000367108,28.765095596917433,50.10531747671568,40.55644382717746
Barisal,Bhola,2023,367638.0,2995.2,40.50907086514501,22.535904050928764,27.114452284674087,24.76216855449823,17.095974728832683,26.194607962379735
Barisal,Bhola,2024,367854.0,2995.2,19.091587230097062,15.743244582281969,0.0,36.646496402829094,22.431536975623786,22.780963395421775
Barisal,Bhola,2025,391121.0,2995.2,14.61731292655663,31.166517259721545,40.620083099715956,48.670092503747895,31.498709661034603,11.449234529745102
Barisal,Jhalokathi,2010,411857.0,,24.853106627277302,29.655083892825573,35.27522295200368,30.114710513273774,23.832708665609058,41.37860773613412
Barisal,Jhalokathi,2011,417672.0,2984.72,34.087990741020285,21.95262708187906,13.57899950725798,8.640056465926303,18.186468205653124,41.31149801999381
Barisal,Jhalokathi,2012,423583.0,2984.72,49.853785016334264,43.281192881818065,16.103245309490887,20.784425338023404,0.0,19.662228653716717
Barisal,Jhalokathi,2013,426481.0,,50.86252873451546,42.63548483491284,21.84653481109413,6.455212549914158,28.2763328694568,49.85155892488683
Barisal,Jhalokathi,2014,434328.0,2984.72,42.87993273429794,15.815109637414137,45.74692398511983,49.48847599947294,41.12100919072012,31.755983594838572
Barisal,Jhalokathi,2015,441710.0,2984.72,48.268524922946895,42.25231258888151,39.89448645118788,41.950776965250554,25.026724452515378,37.85021106305615
Barisal,Jhalokathi,2016,444576.0,2984.72,44.75697630942248,28.91845907143717,50.44385343581115,49.441532688180374,19.03662129383259,31.31750919376174
Barisal,Jhalokathi,2017,450310.0,2984.72,42.246000803915706,47.01688956597357,41.282697728290124,14.817213722956303,35.48845444508862,38.99703876209419
Barisal,Jhalokathi,2018,455607.0,2984.72,29.012652494451995,63.1872522543684,12.759986279316182,17.97306303512048,49.827109666591134,28.4885067903838
Barisal,Jhalokathi,2019,462866.0,2984.72,22.163298116481645,17.12538215165756,46.109432150565404,41.89927959501604,12.724111334389983,47.438971052653294
Barisal,Jhalokathi,2020,469005.0,2984.72,37.713968408430034,27.42871984911935,21.598951294112346,89.13600003440494,47.535754941415654,49.323588780847004
Barisal,Jhalokathi,2021,469494.0,2984.72,34.11159983893256,40.20779162784755,31.224182663426117,40.30666670101071,34.80484778149114,7.00304996203608
Barisal,Jhalokathi,2022,483302.0,2984.72,43.40763987383936,26.756323796163784,44.43550401658,173.30587014761898,0.0,20.63496919512781
Barisal,Jhalokathi,2023,486145.0,2984.72,49.01539357224584,26.520741083679958,34.86921788786407,30.84047918896716,18.201073910270395,46.368051869549724
Barisal,Jhalokathi,2024,501632.0,2984.72,19.403182335877716,31.39490578553564,26.561650706984707,29.059516115974848,19.353943339716583,22.75511722422442
Barisal,Jhalokathi,2025,485730.0,2984.72,40.92547459926031,20.752758466268116,54.13578138475777,41.72253141561967,48.126474339236864,21.91812782765831
Sylhet,Sylhet City,2010,264164.0,1157.08,33.97956572863738,25.998251443757397,11.351047403176148,10.816184012753654,33.775468155726,39.188149267076604
Sylhet,Sylhet City,2011,267995.0,1157.08,43.03084831212535,32.38944256959554,38.17160555495306,34.400480585897505,12.640007388986094,25.437842644817195
Sylhet,Sylhet City,2012,272024.0,1157.08,38.2744131943773,36.23750379303135,29.428020288512364,23.47802383629102,46.766394025785615,29.572623399998648
Sylhet,Sylhet City,2013,275693.0,1157.08,19.8589154712626,32.09294320427403,38.306959407409494,43.100384972335874,45.55310836504282,0.0
Sylhet,Sylhet City,2014,277626.0,1157.08,31.17240895333381,42.57401088724185,43.589972185650765,118.64694350079589,28.455942472112973,9.6674612363868
Sylhet,Sylhet City,2015,279407.0,1157.08,36.08999119035222,24.543978890648404,45.472238383968836,49.01580829167892,34.092040111139454,90.39942303029883
Sylhet,Sylhet City,2016,282551.0,1157.08,50.222626634776745,16.33611982656081,12.602063382198327,39.93977421615349,11.024516956270276,31.40023828279074
Sylhet,Sylhet City,2017,287700.0,1157.08,44.42776822892056,5.897760600644771,0.0,29.85344637815226,18.836608458454172,37.16185849037175
Sylhet,Sylhet City,2018,289193.0,1157.08,49.35594609332087,56.19895241586316,28.929016907154402,19.023198248015937,24.220763670202974,33.25389144781917
Sylhet,Sylhet City,2019,301923.0,1157.08,54.199537938799125,34.509900984422785,32.238323825234225,19.14384930800336,15.54399573356049,40.291904347581415
Sylhet,Sylhet City,2020,300641.0,1157.08,44.959816898148716,34.062448534488965,35.94188807521917,20.211090428964397,32.61451631817745,15.3332379100246
Sylhet,Sylhet City,2021,310414.0,1157.08,41.53317448951129,25.440593290989113,23.35854071649029,0.0,48.003122225295975,22.708029199910108
Sylhet,Sylhet City,2022,302718.0,1157.08,52.5712046299797,22.81422311282524,23.373766078373894,5.321442968092107,39.26183460952423,48.36350507917822
Sylhet,Sylhet City,2023,307575.0,1157.08,37.961842768657,39.930131770891705,35.521709989533875,48.10538433860069,47.12286137791282,26.89771308288085
Sylhet,Sylhet City,2024,317907.0,1157.08,29.45099326143903,41.45334334197399,28.280184724802726,0.0,0.0,17.048999961516227
Sylhet,Sylhet City,2025,315117.0,1157.08,42.093066004612254,19.44694809794953,50.28180817674524,31.168512054361496,0.0,39.28246898139267
Sylhet,Moulvibazar,2010,460777.0,3713.39,16.440440362995048,40.99955799810174,206.4114362405281,48.95432711475884,36.81637938292007,44.39855333646516
Sylhet,Moulvibazar,2011,467282.0,3713.39,3.943537914731653,52.47755879214576,41.82274137970073,27.26832850608306,27.48292601529746,57.84979683160571
Sylhet,Moulvibazar,2012,472843.0,3713.39,1.5102397639538363,33.8357595176198,24.89527122661602,29.717216201225636,2.880332107087449,39.318485825544116
Sylhet,Moulvibazar,2013,479527.0,3713.39,25.09237141162219,34.36355486302337,58.37310898977801,21.466879383038105,52.08184213563982,50.29357309880354
Sylhet,Moulvibazar,2014,484494.0,3713.39,53.67360479252647,43.852394330989554,44.11692968780909,19.729179897302494,108.15719491731625,19.90512955641634
Sylhet,Moulvibazar,2015,492291.0,3713.39,20.454231485628494,34.48455574795756,31.904902997730016,42.91845742169457,56.48930537714993,40.47850107917832
Sylhet,Moulvibazar,2016,497594.0,3713.39,29.144574934187812,41.733994428606245,16.259977465584473,21.616221075712808,5.208784635443919,25.645732912976996
Sylhet,Moulvibazar,2017,509889.0,3713.39,182.17586340344124,43.59063319119393,41.5106189201993,19.905822858769113,18.795489702685284,39.236775197861284
Sylhet,Moulvibazar,2018,514549.0,3713.39,0.0,31.768968479965274,15.573648259506335,44.70848604576475,24.944150414164305,29.113041007690935
Sylhet,Moulvibazar,2019,512450.0,3713.39,26.957425864934923,57.52034997508094,49.386779374866904,37.34197982767147,52.34319520895673,43.377765093112956
Sylhet,Moulvibazar,2020,526891.0,3713.39,20.509336424975118,52.09719176884031,17.136315313701125,25.715796530899304,56.45225996168349,99.48212567652156
Sylhet,Moulvibazar,2021,524975.0,3713.39,12.877873574774053,41.51159562596135,34.86057724061972,38.481339918931866,45.47142527326157,55.19497525204256
Sylhet,Moulvibazar,2022,532297.0,3713.39,18.497757024219975,35.55786402294209,22.520643231440268,26.702842788640012,30.06914730219115,44.10798047813743
Sylhet,Moulvibazar,2023,558644.0,3713.39,22.284301536672878,30.113306320304744,14.77903893651189,27.261167104108317,45.50847612115893,36.33763489886885
Sylhet,Moulvibazar,2024,543993.0,3713.39,71.75978042701973,40.61888197418396,22.06326272799648,46.943596531266074,16.720381089158735,6.974838834475612
Sylhet,Moulvibazar,2025,569657.0,3713.39,4.955620472231353,14.704465285127053,34.67772773496508,10.586815346913367,43.350436658523535,34.55379713404584
Sylhet,Habiganj,2010,745214.0,2402.85,23.28480320338751,43.26211266687325,25.749914375105995,37.35692313739991,37.34259680690482,48.426542018364685
Sylhet,Habiganj,2011,754908.0,2402.85,13.841679290202986,52.54528762161328,36.34545295876129,35.7776439739343,102.62079537058042,11.85814961692972
Sylhet,Habiganj,2012,762663.0,2402.85,77.2873954161337,43.284250176864454,16.306406309868986,36.59570189838413,56.18672504404541,38.66222520722441
Sylhet,Habiganj,2013,775609.0,,52.55285868327826,39.48899450438437,39.98004222621382,24.141466008073944,31.830684777505287,20.32623147802771
Sylhet,Habiganj,2014,779122.0,2402.85,7.403521769378249,29.21465697721097,25.438044380648904,44.95116294397212,40.92192256990007,41.55418284889362
Sylhet,Habiganj,2015,801496.0,2402.85,48.75419967151324,55.853774334376304,199.03618975532012,37.78980459818803,41.48125455525667,15.849591348843212
Sylhet,Habiganj,2016,812303.0,2402.85,18.294527486160028,34.47269999138383,33.02934095954134,32.8904247254349,38.88258287458156,24.45461187705643
Sylhet,Habiganj,2017,824483.0,2402.85,37.28866908001247,43.00285088483585,29.373423551513845,47.314527961208036,30.637834934136265,23.611353292693604
Sylhet,Habiganj,2018,815493.0,2402.85,22.527837255518847,26.751077929874164,24.070940347602725,32.52164596621505,8.30567865375657,43.04528587098043
Sylhet,Habiganj,2019,833937.0,2402.85,40.550253224945045,45.74987288325963,2.7243664967757533,144.56224899130314,13.390365868917588,23.91382678498558
Sylhet,Habiganj,2020,855149.0,2402.85,28.874346603256896,22.031684649373275,0.0,27.110714071695554,31.36403582244983,1.7800493775421882
Sylhet,Habiganj,2021,867197.0,2402.85,44.73997582950151,20.03340717631625,28.676055733292678,40.618992654708364,16.567309612275267,40.302711031847615
Sylhet,Habiganj,2022,865960.0,2402.85,42.92608735913645,37.03002145286601,43.350336090519,47.962460460660424,37.03492824932035,23.448813806534872
Sylhet,Habiganj,2023,864327.0,2402.85,4.993252680980948,32.94325733232207,19.82531295634859,12.971225238161017,42.32849738820719,9.889549425600704
Sylhet,Habiganj,2024,879439.0,2402.85,61.211109707521,56.58119041991015,36.50165073005805,34.40283208031224,25.100561041295595,35.623350968853146
Sylhet,Habiganj,2025,905134.0,2402.85,47.248818908243344,43.18811419365588,38.64026346952009,42.730961996486336,26.627422772294953,25.782881088575905
Sylhet,Sunamganj,2010,541371.0,1808.56,32.33574917958688,24.406612702492897,36.6537542489175,38.525212793303965,29.254036555527744,22.97654530708646
Sylhet,Sunamganj,2011,547485.0,1808.56,18.714351687751126,0.0,24.720299981670422,19.907742158672384,20.162244478719572,10.254624329548275
Sylhet,Sunamganj,2012,553564.0,1808.56,21.462346104427606,37.95861374889815,21.56347970850326,27.935522963964807,25.739911196015015,24.362390607225198
Sylhet,Sunamganj,2013,565972.0,1808.56,34.27905702472061,44.43762380876763,5.206247655831202,40.966757725659,10.653521340456328,42.646125327020286
Sylhet,Sunamganj,2014,565861.0,1808.56,20.06796860762638,50.87270391438529,18.0475550514443,53.38826668904577,10.27276325741622,21.117972870661742
Sylhet,Sunamganj,2015,575409.0,1808.56,31.90125083662271,53.551881100573056,31.903015082322476,2.796716640356958,24.573971851026347,33.11612153170584
Sylhet,Sunamganj,2016,587849.0,1808.56,36.56264006393718,34.8009268065485,69.02232417351988,25.697896576599597,14.490719119341914,37.1947181707642
Sylhet,Sunamganj,2017,597515.0,1808.56,28.185921681649795,39.373194961854445,22.69585694689645,30.13424127816666,31.92343232686699,15.881956135683662
Sylhet,Sunamganj,2018,604620.0,1808.56,47.41558655450683,54.433148191077564,27.351507805793357,35.40955952115736,24.779300977550793,28.473676402411666
Sylhet,Sunamganj,2019,614628.0,1808.56,45.73801676572642,19.16614361998914,16.62841257156015,15.579832562819206,15.349999919547127,213.81204837282706
Sylhet,Sunamganj,2020,614076.0,1808.56,28.74151107465884,16.775905517595792,13.08684016570137,23.644233370882013,10.53320238926992,49.693701631422016
Sylhet,Sunamganj,2021,619025.0,1808.56,21.740892982929132,16.68607962848959,22.407606324266574,40.72583419496231,52.80456608758864,39.9597562727975
Sylhet,Sunamganj,2022,618579.0,1808.56,52.34168098861683,37.38776751467937,43.59293575681253,21.647376480698014,14.645003454521966,28.442292718294993
Sylhet,Sunamganj,2023,652786.0,1808.56,51.324352853025275,245.5714326577052,35.56267619249303,38.140050261612906,44.458904030935045,45.69107740837175
Sylhet,Sunamganj,2024,643970.0,1808.56,39.77045632013062,10.468532228521454,47.12166890408682,42.74009113323144,43.64108922335018,20.62811713412437
Sylhet,Sunamganj,2025,658319.0,1808.56,24.891705728733058,22.99921947135748,44.60620061519063,36.592920784897686,11.613423858917898,34.63654847881349
Rangpur,Rangpur City,2010,190629.0,2088.61,67.31484388515685,31.824096867113667,34.51165210815326,43.178045473300294,54.8996688059597,30.944310444010213
Rangpur,Rangpur City,2011,193292.0,2088.61,49.25980302295838,41.46116501302877,15.85857996148782,0.0,41.25613329771689,23.62768906945584
Rangpur,Rangpur City,2012,196327.0,2088.61,38.66971682908866,34.31035434010532,32.48200290192325,34.74114620677335,46.59187112543832,43.093841287469765
Rangpur,Rangpur City,2013,197473.0,2088.61,35.03970492890874,28.58059630180217,34.77457460034411,0.0,29.61562406778691,41.84486912778837
Rangpur,Rangpur City,2014,200550.0,2088.61,21.79329083564269,26.397562260591556,29.73152304229427,35.79027508528297,32.72824172958088,52.31969381785956
Rangpur,Rangpur City,2015,203243.0,2088.61,31.040105412238198,46.0355026291416,49.84522869914791,21.69474904936916,32.273634745041,50.918346314934766
Rangpur,Rangpur City,2016,204111.0,2088.61,12.301435759956302,37.65368423683092,47.03149418222825,15.054121392099825,13.664230047109863,19.277817462446503
Rangpur,Rangpur City,2017,205932.0,2088.61,12.302166350693048,31.567256934539014,38.33030987448305,47.409594450130335,13.229774815949046,189.21027936263778
Rangpur,Rangpur City,2018,210313.0,2088.61,26.132996806444034,48.109596270117365,40.695041573464984,52.91335667311174,0.0,19.438128625160882
Rangpur,Rangpur City,2019,213071.0,2088.61,15.818200955450072,30.711652455121765,17.38377383096993,23.61513509714692,38.87853781377332,17.669689008617933
Rangpur,Rangpur City,2020,216366.0,2088.61,57.541719143926194,22.04363096320091,39.52878321285516,20.62440333832702,44.98328084022607,35.528822577837225
Rangpur,Rangpur City,2021,215830.0,2088.61,48.396867870401614,50.241722751991816,40.726510945643206,23.122703723010694,48.62899994571961,49.58609330132536
Rangpur,Rangpur City,2022,223995.0,2088.61,30.89006480278153,53.519819186042916,42.56170329161161,26.403691782389757,29.598813050615824,31.424947617674754
Rangpur,Rangpur City,2023,229331.0,2088.61,19.077403277933985,58.11451466643442,8.847461956644684,44.93396728041163,35.42790442811365,44.83075319366869
Rangpur,Rangpur City,2024,223557.0,2088.61,31.24616426161122,6.2915681257957115,31.237037120726857,30.211052719918683,57.513691192458595,36.88436099518375
Rangpur,Rangpur City,2025,237821.0,2088.61,16.968899502441076,43.79890479073676,20.98570031856231,23.590134604415823,17.93450236689196,36.012805821080676
Rangpur,Dinajpur,2010,598515.0,1050.3,30.47354506443533,118.08636870787706,47.03130882707637,19.44192329836617,40.16676781976351,15.235487608348295
Rangpur,Dinajpur,2011,605900.0,1050.3,57.48772240513789,40.96943457951003,24.00434033463608,12.183482944802678,40.60604440364147,18.658844446145537
Rangpur,Dinajpur,2012,613509.0,1050.3,18.73199127145823,25.04363372754995,49.55019011909335,39.17483032154693,24.498188901169424,19.964939275825188
Rangpur,Dinajpur,2013,618661.0,1050.3,36.355421697948415,27.77960822032403,38.36969058713476,43.10136530692647,46.37794480676183,1.332344550236778
Rangpur,Dinajpur,2014,625652.0,1050.3,24.537113614963904,9.971071533692196,21.633635133757007,27.471505683430983,29.68823951464146,41.042487854622415
Rangpur,Dinajpur,2015,636499.0,1050.3,19.381610171069273,35.735925592259655,31.977345193684318,36.80197446383227,15.792590660102377,33.08590855997478
Rangpur,Dinajpur,2016,649969.0,1050.3,18.16918842594478,26.35768189082163,19.497595592932907,0.0,10.447946735221723,38.98506637721629
Rangpur,Dinajpur,2017,661316.0,1050.3,57.145061762953354,21.459867371118442,19.916819843879026,21.177253310584817,39.4685230607416,45.32640240946736
Rangpur,Dinajpur,2018,662198.0,1050.3,42.103738046890555,15.9225009625226,23.350867259593947,31.80793274161208,24.55877463149396,46.80069503821133
Rangpur,Dinajpur,2019,661435.0,,32.2757168626332,18.4491905124176,19.428049359314986,14.696399567498927,25.523739294032556,33.05051809944339
Rangpur,Dinajpur,2020,689393.0,1050.3,0.0,37.745342453555715,32.52658193314869,35.67125581616337,0.0,39.53026787935826
Rangpur,Dinajpur,2021,686836.0,1050.3,27.451400486263594,46.82786924614663,22.08539432313781,0.0,41.677681029582416,52.857130112746155
Rangpur,Dinajpur,2022,709629.0,1050.3,143.18457920158926,32.828072283973704,40.70001948649113,40.98935915191778,43.48401626143069,22.86002715306642
Rangpur,Dinajpur,2023,695555.0,1050.3,39.53647774478448,40.378133564635014,18.651347800423913,27.667725651973914,32.77926268936926,39.07768925312995
Rangpur,Dinajpur,2024,729433.0,1050.3,28.058591787144593,0.0,16.899159322888845,14.749846021918714,33.39017829397119,36.02211616351471
Rangpur,Dinajpur,2025,727581.0,1050.3,40.05115222674499,22.370062032654744,53.7562085833949,17.847807096926335,19.52886760694613,7.582555762724198
Rangpur,Thakurgaon,2010,742059.0,4329.91,15.143044910060281,49.86360315768954,51.49627336195764,42.30681598221508,33.38604812867654,59.03548495403381
Rangpur,Thakurgaon,2011,751493.0,4329.91,25.562303436779203,42.75712052530274,19.815215331875926,39.563562956602134,21.64878605027883,29.10199628600934
Rangpur,Thakurgaon,2012,762178.0,4329.91,22.668371719228894,29.844722154256715,50.32021444157196,29.05333422041733,47.15617306369839,30.406933597405814
Rangpur,Thakurgaon,2013,770955.0,4329.91,37.210177931820496,34.55542168888164,31.403985737463074,44.880218077911415,0.0,8.4047894186049
Rangpur,Thakurgaon,2014,776947.0,4329.91,132.85704416287552,51.63725952485686,55.912027568075615,11.271901102027519,17.423360877436128,18.661416469349675
Rangpur,Thakurgaon,2015,792402.0,4329.91,60.47559219511064,53.47666314060748,20.729079122735193,21.15995004126805,50.34059362281334,40.787383960674674
Rangpur,Thakurgaon,2016,792495.0,4329.91,31.651512572229812,21.23286248425222,24.593844163389793,22.3649108689599,17.48934912426586,171.15873290062933
Rangpur,Thakurgaon,2017,803130.0,4329.91,24.48414697535712,49.61444306544061,43.298491637377325,45.54142181441239,28.618649381668686,49.378373953642665
Rangpur,Thakurgaon,2018,820001.0,4329.91,52.2160297808805,58.80402324809915,29.802525882802485,18.602720659672386,45.494372870179326,37.25913104737142
Rangpur,Thakurgaon,2019,828939.0,4329.91,38.12662400352988,23.45927725602848,34.79227978034418,0.0,55.4057298536513,22.03804510896206
Rangpur,Thakurgaon,2020,834243.0,4329.91,38.24163704086884,36.111469824679475,34.944704579645574,40.39588524243247,19.684813185196465,21.959932158020372
Rangpur,Thakurgaon,2021,842260.0,4329.91,29.47272875259102,44.439207086027,32.41568054429786,26.65152536017141,45.10978872867673,25.339072894185808
Rangpur,Thakurgaon,2022,854457.0,4329.91,47.388668156290265,51.65820069112555,53.44130638922269,15.147263610093663,29.437151505516226,20.158069077818993
Rangpur,Thakurgaon,2023,899508.0,4329.91,31.130777350895436,26.76521749205954,40.953307364630604,38.546618537716434,26.034065141607908,2.477888495611369
Rangpur,Thakurgaon,2024,887228.0,4329.91,58.423918093067776,22.746710786267315,51.973934797635735,43.92225443471938,37.34440352120143,40.27949622175278
Rangpur,Thakurgaon,2025,898297.0,4329.91,230.93254376399034,15.421531999926476,26.339285494291996,22.546321017912955,48.33419370747364,16.225143697074376
Rangpur,Lalmonirhat,2010,622222.0,2606.98,7.319159188706255,20.49769325127211,17.09437908115265,35.745286409189156,43.61286546123654,22.19611376678951
Rangpur,Lalmonirhat,2011,630403.0,2606.98,52.063606551883844,36.98115413935584,35.3131848240524,12.031350685032498,49.05550582747393,35.451595387714065
Rangpur,Lalmonirhat,2012,640526.0,2606.98,20.841606523347775,42.8045396736741,12.18347918832333,28.636242046157367,22.63566839503912,27.174391840165267
Rangpur,Lalmonirhat,2013,646768.0,2606.98,31.27451724093062,30.584645734985543,20.746416093936972,32.0968090662921,21.07501571380783,50.8036852157918
Rangpur,Lalmonirhat,2014,655888.0,2606.98,74.386129463819,34.7485705223281,14.078212679029432,37.84141057587948,50.83510232651571,21.918240072168942
Rangpur,Lalmonirhat,2015,669214.0,2606.98,25.550316109234004,0.0,30.84308249601495,42.996495035478894,42.16731019294883,21.98321461757792
Rangpur,Lalmonirhat,2016,669090.0,2606.98,38.90116620711663,32.598109300793006,44.0944184714164,38.559720772237995,48.993525637203284,57.43180407169888
Rangpur,Lalmonirhat,2017,685284.0,2606.98,17.52615677698673,26.584311043001975,33.9214844584525,43.04639254735331,36.39609819444607,48.57921376303969
Rangpur,Lalmonirhat,2018,692760.0,2606.98,18.400365979567553,41.124176400722,29.0924565922443,15.996965005207041,32.42212707607545,23.43686307279857
Rangpur,Lalmonirhat,2019,701743.0,2606.98,53.82948899961235,30.824966984669615,16.814046696240766,38.284676016473966,41.20004776234985,43.838245053377804
Rangpur,Lalmonirhat,2020,716204.0,2606.98,53.63809907366515,39.03080193846992,13.522814686122178,22.70716635214925,39.96955765305505,4.669874623056236
Rangpur,Lalmonirhat,2021,717610.0,2606.98,12.783391974926579,0.0,26.109671899575744,25.304685604437633,43.07804521151598,33.44251134629984
Rangpur,Lalmonirhat,2022,741942.0,2606.98,48.140806981715485,43.40777590367879,23.43524457886665,32.0372877452948,36.2316321875792,36.58773267180529
Rangpur,Lalmonirhat,2023,720100.0,,60.93970168742364,15.545379395619584,29.647170288472644,24.890341866638927,32.639798890488535,17.221658600188103
Rangpur,Lalmonirhat,2024,761631.0,2606.98,24.82893783353817,49.21155521899101,51.30982048009676,20.828737077012356,24.492631685666954,29.667812889274266
Rangpur,Lalmonirhat,2025,769570.0,2606.98,40.1876117158652,8.498973738359144,19.825998072945513,25.6960961474052,32.12356478200912,46.12704579763124
Mymensingh,Mymensingh City,2010,472335.0,4894.44,17.5582173228903,55.584941765976104,26.419317749943175,21.209411836560847,21.297670317589038,25.518797523632866
Mymensingh,Mymensingh City,2011,478556.0,4894.44,61.5982436721423,44.07166337257471,52.10916953144297,29.34512266783152,21.902860473112924,20.986151501958002
Mymensingh,Mymensingh City,2012,485198.0,4894.44,16.638947948138554,39.89580658253851,21.077104222423962,39.67468282409379,36.33210840232931,22.939801248030275
Mymensingh,Mymensingh City,2013,493461.0,4894.44,33.18296516361481,28.245814334178643,30.193501416216705,22.852679885704926,21.382326187944454,52.92575187517796
Mymensingh,Mymensingh City,2014,498895.0,4894.44,19.412712433881346,24.156259848230473,21.55773349721236,61.15091682181442,16.16391900423037,32.422800160391056
Mymensingh,Mymensingh City,2015,504497.0,4894.44,47.66890888912336,42.1451237083033,43.36239980960494,52.3242255508308,20.28515552449239,0.0
Mymensingh,Mymensingh City,2016,512550.0,4894.44,26.06566234178854,31.989276891781724,30.27570829208068,52.06819223725203,43.44195530199078,32.00696887091701
Mymensingh,Mymensingh City,2017,521394.0,4894.44,43.47399302282312,54.080810690303984,34.80813271840788,39.41232017938882,49.47187574599515,53.370462846377
Mymensingh,Mymensingh City,2018,529095.0,4894.44,20.4735365564142,15.53253086975628,16.709147574095212,19.42756867072482,40.02276639059365,48.39011949854555
Mymensingh,Mymensingh City,2019,537593.0,4894.44,7.6701144387829485,23.589092542279694,16.38191653930066,29.131319821083007,51.05808563521076,28.542124016401655
Mymensingh,Mymensingh City,2020,537620.0,4894.44,27.391118184255202,98.4779600790903,18.25428990153074,0.0,41.95539654874668,38.616175733954776
Mymensingh,Mymensingh City,2021,552875.0,4894.44,46.60921715979376,50.10503423920145,27.515819492491,7.099423933039851,49.44406822304234,29.93030161991826
Mymensingh,Mymensingh City,2022,552596.0,4894.44,52.09757122503411,26.175759328191464,18.550838703314383,35.09546595531121,30.733334731655816,28.66993141380136
Mymensingh,Mymensingh City,2023,569193.0,4894.44,34.72095849551628,31.31886986436509,30.593252381102115,32.01440764231306,0.0,167.6363004069493
Mymensingh,Mymensingh City,2024,565289.0,4894.44,0.0,43.81292206190939,51.95720713345037,22.947520479590388,38.77910505792173,31.29169504358139
Mymensingh,Mymensingh City,2025,581299.0,4894.44,35.57450258451081,26.194560272205152,36.12286575733104,30.02699548762258,44.176262355036116,50.28215724482207
Mymensingh,Netrokona,2010,384922.0,4818.77,47.50386614714699,33.10078548515701,28.877030110398795,18.952076402619007,39.15870890430472,20.503063566090844
Mymensingh,Netrokona,2011,389446.0,4818.77,50.660225562327376,295.33869800552304,24.619406714605397,28.07194243872529,32.07907705949819,53.53870928540205
Mymensingh,Netrokona,2012,396169.0,4818.77,161.9365178913294,15.656478514838764,30.583460312830702,25.330998759718145,46.57529801600859,42.22906723089892
Mymensingh,Netrokona,2013,398336.0,4818.77,59.03974350651548,35.843035358846166,44.369399478412234,22.10830210327704,30.06701953780226,37.61741754267345
Mymensingh,Netrokona,2014,404070.0,4818.77,29.79638283595795,20.144823651410896,15.739984497182329,38.579531275625925,35.478201263650405,31.637262969428292
Mymensingh,Netrokona,2015,407077.0,4818.77,34.94929397865202,34.46961318936096,49.06794550088153,31.151010295058022,0.0,0.0
Mymensingh,Netrokona,2016,415170.0,4818.77,51.047271412247,29.721398670504314,0.0,13.685637681264168,31.62955807497205,9.858716761047168
Mymensingh,Netrokona,2017,415761.0,4818.77,6.688232284703856,32.17589587299821,15.711155562039664,40.66796088076997,40.58843788380774,45.287145372850496
Mymensingh,Netrokona,2018,428752.0,4818.77,0.0,46.728752358778905,22.903876058581965,22.543113495032372,32.89641789897182,0.0
Mymensingh,Netrokona,2019,439683.0,4818.77,41.42449283882581,51.07695259916995,32.471121282263326,29.019826133890803,13.21026557459032,55.23352812628691
Mymensingh,Netrokona,2020,441671.0,4818.77,27.21393205569388,24.288502104106335,33.38266923796335,20.781678279385225,27.02853348536706,19.366211428949665
Mymensingh,Netrokona,2021,437714.0,4818.77,16.899792361399566,38.158121972902585,46.02739951505791,17.58024270832985,37.63368588315711,28.23858502744419
Mymensingh,Netrokona,2022,456324.0,4818.77,20.597877443985215,53.812881744508815,25.568380473679113,49.990230297295064,49.29080179790983,0.0
Mymensingh,Netrokona,2023,449773.0,4818.77,21.31137681645313,26.063950136485886,45.71993919986742,105.9443182430214,43.09584608629518,34.67955438742768
Mymensingh,Netrokona,2024,470214.0,4818.77,26.416717087031124,49.25727697517916,46.82191334243227,15.7141061926262,33.4938323588249,0.0
Mymensingh,Netrokona,2025,463851.0,4818.77,19.700785408982984,50.35863923606385,31.470375534627603,18.569471482229492,48.88121853112355,0.0
Mymensingh,Jamalpur,2010,854380.0,4020.99,38.54103285560557,32.5749664135206,43.923771728076574,0.0,27.67257315410326,55.04237008940743
Mymensingh,Jamalpur,2011,867069.0,4020.99,22.69842743953807,31.709891898741116,13.440934286929087,39.915644978731166,47.00774342580596,2.4970717793193837
Mymensingh,Jamalpur,2012,879959.0,4020.99,43.5461172503821,26.01552622860247,41.0621525144034,50.81669300479422,38.33326092774104,14.781986988282526
Mymensingh,Jamalpur,2013,890679.0,4020.99,27.979019375605414,41.651942532468496,0.0,55.432668364828345,38.683136504999666,52.702570397114506
Mymensingh,Jamalpur,2014,900396.0,4020.99,46.115431187083004,78.81625262611048,27.347299611891938,35.34955802454565,16.66725641242074,40.411626770575246
Mymensingh,Jamalpur,2015,918810.0,4020.99,20.44882758716973,19.145841742306796,42.43632013712322,0.0,15.704108100961092,19.405710600467735
Mymensingh,Jamalpur,2016,923749.0,4020.99,16.139343598718806,18.110628460609316,8.907794490214904,30.77271007945279,48.02663696639149,34.37992461941763
Mymensingh,Jamalpur,2017,930701.0,4020.99,47.106865081587635,44.052026188242785,35.9656485538373,42.18074270290803,0.0,34.18781922198571
Mymensingh,Jamalpur,2018,953225.0,4020.99,44.85472441773786,42.26920090228007,22.65388755693325,51.58101604109825,39.031872832024376,21.36606206935658
Mymensingh,Jamalpur,2019,955318.0,4020.99,46.73667145209238,12.891243591380576,7.558269821391971,16.615857306123335,31.897373103807865,37.113488540539706
Mymensingh,Jamalpur,2020,958473.0,4020.99,24.75864882154727,45.956961024521554,36.48565957586387,27.342477176825867,33.13632819801619,29.53866839945113
Mymensingh,Jamalpur,2021,976938.0,4020.99,52.982195932949196,43.04170389083741,30.73581459816149,13.198147501965945,36.87656365387775,58.989678000343645
Mymensingh,Jamalpur,2022,1017943.0,4020.99,18.182624396123437,15.32324076097527,37.86338431271752,2.0893986529567368,36.15190966322102,51.97799670836419
Mymensingh,Jamalpur,2023,1008832.0,4020.99,20.601752271741606,19.91424725219077,55.534574535568325,13.29508906986654,47.76440805585,25.281719879960082
Mymensingh,Jamalpur,2024,1017285.0,4020.99,47.62380254355019,40.05643529269523,24.34487604248133,22.77339445976229,41.53506706350682,33.09024173414451
Mymensingh,Jamalpur,2025,1014069.0,4020.99,30.8837813557839,25.267525776388815,0.0,54.743215543620565,21.427980936630387,45.327592079625376
Mymensingh,Sherpur,2010,371326.0,2925.33,47.40063671857505,183.09471110614388,24.30015800096948,13.292429616666006,15.823054131529663,25.329646233943727
Mymensingh,Sherpur,2011,376712.0,2925.33,51.18721653542844,54.52483041517074,46.01330530902457,53.34834201641239,40.513520653305875,49.48457842341896
Mymensingh,Sherpur,2012,380453.0,2925.33,13.628210611089036,25.76359151065818,11.001277344555895,1.353268315753123,47.95190827868082,27.446862307490058
Mymensingh,Sherpur,2013,386600.0,2925.33,33.16273413385525,1.6734334469237735,41.43938306805393,22.100948620547392,16.407177305199724,37.91348122378432
Mymensingh,Sherpur,2014,390849.0,,44.62855741909386,35.43305124122594,46.88772305211316,47.087765680367575,50.04124123551422,11.469228641067438
Mymensingh,Sherpur,2015,395409.0,2925.33,13.413006843231411,25.553453859528073,22.61065806672844,28.9034400395272,40.29049250675117,27.5219558001841
Mymensingh,Sherpur,2016,397492.0,2925.33,16.40397158516776,49.325514395358155,49.258361943538304,30.65804505381751,32.86692555935208,43.97895280063412
Mymensingh,Sherpur,2017,404524.0,2925.33,19.961090030228778,28.972042041692458,29.029909309476782,52.218798000401385,4.323317023066372,45.4371441767258
Mymensingh,Sherpur,2018,414091.0,2925.33,13.82815114979248,34.689307672580625,16.95469127207697,19.34753351184032,57.96817654195128,35.471286990034386
Mymensingh,Sherpur,2019,412867.0,2925.33,11.250686656133313,4.563218210980853,50.001309819966956,34.85509006497361,45.879597326595196,44.50138153016907
Mymensingh,Sherpur,2020,429053.0,2925.33,21.105294519547954,18.721206194396284,24.797949822045943,37.30528079745245,37.978266912202734,30.212215612955912
Mymensingh,Sherpur,2021,422809.0,2925.33,41.88136784580985,35.310576325119996,54.446035068332364,20.952133648212694,29.122083590557565,25.29252783398578
Mymensingh,Sherpur,2022,439056.0,2925.33,2.9488063282831316,40.694114903202056,20.240545265086425,31.89895438493911,33.28642881399058,14.897375818648865
Mymensingh,Sherpur,2023,443032.0,2925.33,25.421196307081136,30.992534016308106,37.75884075204451,45.91130341799484,33.53813822702989,11.124737995518336
Mymensingh,Sherpur,2024,456479.0,2925.33,33.56927305249428,16.21772458392764,29.374118595978366,50.82623684734811,38.5500943357314,33.33872822312449
Mymensingh,Sherpur,2025,450646.0,2925.33,22.944115554980904,52.4153117698914,33.72030155998936,28.88955070908546,52.34783466638179,55.879392194783
