district,area,year,population,pop_density,shirts,pants,jackets,sarees,dresses,coats,vulnerable
Dhaka,Dhaka North,2010,221958.0,4084.44,39.28305131901204,38.14108004751498,1.750638279725378,3.9140542922119774,36.41832890888505,41.77944771099573,False
Dhaka,Dhaka North,2011,224938.0,4084.44,17.902214938768683,17.507504085695814,54.56998408453828,29.84863636474712,48.78208927529269,16.75037640324242,False
Dhaka,Dhaka North,2012,227508.0,4084.44,19.669062304958445,54.23206531803185,17.215942099380342,21.48497180820145,41.06781402815738,32.590011200865035,False
Dhaka,Dhaka North,2013,229689.0,4084.44,44.42121295733292,0.0,18.83533586179408,48.89206564558543,40.264020968127056,36.911808483365306,False
Dhaka,Dhaka North,2014,233872.0,4084.44,44.83560691521066,34.53438249979118,1.0866484243013268,29.31664001646,30.12078426826938,31.17552896718208,False
Dhaka,Dhaka North,2015,237277.0,4084.44,33.2297995461199,55.01819831696314,48.50438778923498,34.878694597333144,212.71930819393563,39.69893609037791,False
Dhaka,Dhaka North,2016,239261.0,4084.44,37.20439315698472,40.37464418707529,21.14781002354125,54.59006545228825,26.4567806861684,24.94061276144362,False
Dhaka,Dhaka North,2017,244098.0,4084.44,40.14637865226467,25.476495683837264,47.21237161772995,42.79560228310058,27.844155710630886,37.15606576944024,False
Dhaka,Dhaka North,2018,247436.0,4084.44,48.62766607037937,7.974534393410321,26.902974044570723,38.727918622653306,12.350698455221885,26.007431466819256,False
Dhaka,Dhaka North,2019,246752.0,4084.44,34.40169634362762,44.27742602251966,32.86252564240479,0.8889119375629149,0.0,36.600365118853965,False
Dhaka,Dhaka North,2020,257407.0,4084.44,227.88987728847525,22.145082205968045,19.06545138215909,36.79214125318519,42.9928136860844,0.0,False
Dhaka,Dhaka North,2021,258029.0,4084.44,28.771325761690004,41.07904581632063,54.16553599470085,32.250437953314794,13.473223180027938,42.38334267445519,False
Dhaka,Dhaka North,2022,,4084.44,23.102970277083404,33.252877949731655,40.13022499407376,27.684672504823123,35.15018953833053,24.85767486486579,False
Dhaka,Dhaka North,2023,265015.0,4084.44,64.0708251456406,31.603292869382457,51.09997634919831,28.49388086702432,41.51153973959153,33.82049371182535,False
Dhaka,Dhaka North,2024,264159.0,4084.44,23.17457665322661,15.841195004008071,28.798491481591626,18.75399995949705,34.519621193549845,55.16826583019399,False
Dhaka,Dhaka North,2025,276985.0,4084.44,42.05600678278091,23.401152322714665,12.04036668047934,49.693887257628,44.39251243090629,37.51586736987247,False
Dhaka,Dhaka South,2010,842129.0,2608.97,18.97528234138689,46.95972011019363,48.47340042560406,51.4440363176465,51.20483273591604,10.590090288191636,False
Dhaka,Dhaka South,2011,853481.0,2608.97,22.91560041694836,8.9430685899833,30.97190886444228,20.92603275679573,54.31078450329785,273.1741079806902,False
Dhaka,Dhaka South,2012,867481.0,2608.97,24.59960246265264,111.65181706481224,16.160939300009122,36.33798256473688,45.02974997498783,28.86034090432136,False
Dhaka,Dhaka South,2013,871399.0,2608.97,47.22766059029817,35.26361961141728,31.975167285395187,74.72096910031831,33.73183606862638,31.22744568622153,False
Dhaka,Dhaka South,2014,890940.0,2608.97,33.28653054464006,40.37172828947422,38.22044082590948,18.30836407582608,45.45460764754583,35.50979500107572,False
Dhaka,Dhaka South,2015,890036.0,2608.97,23.828301458020206,28.377659675337263,32.46731614292289,22.58007832233222,36.61885358917952,44.58536912988319,False
Dhaka,Dhaka South,2016,902106.0,2608.97,127.36418418431636,37.16898883052601,24.46747499194584,30.94493101306353,32.93350238437395,25.568933731519422,False
Dhaka,Dhaka South,2017,923621.0,2608.97,26.99129658296848,19.36016584903263,15.928734995932125,30.86358247512453,19.04179532061137,22.500541808292,False
Dhaka,Dhaka South,2018,935915.0,2608.97,20.4950178406557,35.766381379317565,40.22673688052574,25.604949879692207,23.01702401260474,40.13362793694529,False
Dhaka,Dhaka South,2019,960477.0,2608.97,46.682395622434605,42.700768456304175,15.227287690403902,48.13360429053206,25.611175660525976,32.424834754276915,False
Dhaka,Dhaka South,2020,948152.0,2608.97,52.73898372587375,6.229217972268707,27.697679512729085,46.28823664150787,87.68860405055017,28.087813244663742,False
Dhaka,Dhaka South,2021,968882.0,2608.97,52.639498457507855,221.9772756809332,30.44900462735956,29.7213711630613,51.90014960504528,7.705935005315305,False
Dhaka,Dhaka South,2022,1003180.0,2608.97,42.14973792437775,36.36797017317895,43.33600325382629,0.0,30.210172201770675,14.883414094932023,False
Dhaka,Dhaka South,2023,977888.0,2608.97,6.180019134514643,0.0,37.80602431686784,27.16414375851492,43.59781550877996,13.349157543277652,False
Dhaka,Dhaka South,2024,1006443.0,2608.97,23.19270038748206,13.68289772034656,0.0,12.222381703072386,0.0,13.131740418617094,False
Dhaka,Dhaka South,2025,998179.0,2608.97,25.89066036996919,41.55369490922961,50.09307074102895,39.05114747658469,20.01352334804473,37.720909879780976,False
Dhaka,Gazipur,2010,356713.0,3045.99,31.56714946204961,34.28629612375428,33.62568776862331,39.261375448229565,41.849975023556695,41.83734370684649,False
Dhaka,Gazipur,2011,361681.0,3045.99,22.58090682708736,40.71104973179591,27.93688899914752,29.421023283283564,36.82370221711397,35.171918910701635,False
Dhaka,Gazipur,2012,367049.0,3045.99,53.128372846043575,21.863459564809894,0.0,256.8755809101286,46.430744390987776,53.11104777181521,False
Dhaka,Gazipur,2013,372921.0,3045.99,55.95477315715677,19.95582544976886,25.5158236822833,19.352460572274538,51.642835219130696,14.07143230890189,False
Dhaka,Gazipur,2014,375277.0,,35.894710875927125,44.149300794256206,0.0,8.60683284909095,28.835706235920284,13.462113473956592,False
Dhaka,Gazipur,2015,380264.0,3045.99,27.198927259543087,265.8987511269835,45.15349808995524,36.51250613715029,23.14512388625253,24.735043578600614,False
Dhaka,Gazipur,2016,384090.0,3045.99,13.49270551050253,13.3339800083831,33.785581207917986,52.83362080289796,51.31341349855532,34.80217158220483,False
Dhaka,Gazipur,2017,385968.0,3045.99,19.26526637266112,33.38839764110993,30.367820554068803,54.176572282806816,51.84017373422844,40.32682007399338,False
Dhaka,Gazipur,2018,389699.0,3045.99,44.22704796945355,41.59688081821567,17.39019313790312,15.991172734169384,45.572713329369954,24.71398264473584,False
Dhaka,Gazipur,2019,403369.0,3045.99,21.12763590335526,21.74874057091249,0.0,15.816996226332018,41.08629386869526,39.499032226491394,False
Dhaka,Gazipur,2020,401441.0,3045.99,21.95050256161747,25.6410295845466,23.69878856229013,37.72003980969245,21.94121401985363,30.827378043860048,False
Dhaka,Gazipur,2021,416035.0,3045.99,50.05093771386275,56.52567135313915,28.924927340055177,24.61905443740897,128.15232494778945,19.42009449032061,False
Dhaka,Gazipur,2022,425538.0,3045.99,54.05798142688357,120.33672776091731,40.03977274246536,16.695083950615512,11.181034626575771,43.66396128978306,False
Dhaka,Gazipur,2023,426425.0,3045.99,23.36934120354956,46.90474675610004,16.82325547631385,43.53982995270468,11.153312836722318,30.327332260243978,False
Dhaka,Gazipur,2024,438772.0,3045.99,42.12661210737908,18.239347504306046,39.71682526900498,6.042191115574201,36.15407533942324,42.898412663008806,False
Dhaka,Gazipur,2025,430003.0,3045.99,29.230809852201943,40.23299180304277,30.0321155379187,28.53663411919045,40.89192999157081,4.3797362168053935,False
Dhaka,Narsingdi,2010,857038.0,1556.03,26.280492048031128,19.772460473709263,15.174635617789606,25.333532679970723,30.280319240962925,56.470935933265615,False
Dhaka,Narsingdi,2011,867235.0,1556.03,27.33523071111715,4.285415258667351,51.262815502276126,0.2660806471461049,45.48540389296256,20.329722696988025,False
Dhaka,Narsingdi,2012,882793.0,1556.03,27.4467595308839,44.2102961380157,51.7207466083682,22.87929803707672,44.90374769169003,39.62526884208005,False
Dhaka,Narsingdi,2013,888971.0,1556.03,38.96666039061878,32.26857497033255,37.83377788841232,17.702654023080758,37.27298378467246,53.54487585260031,False
Dhaka,Narsingdi,2014,902860.0,1556.03,9.316560698034465,37.51014983182539,29.437051709530017,32.62359966721611,46.49599808212007,36.18384539814869,False
Dhaka,Narsingdi,2015,920060.0,1556.03,29.753663877134272,21.532874574890936,12.72944372440102,17.421056809683794,38.194026658627294,53.595089842173024,False
Dhaka,Narsingdi,2016,931198.0,1556.03,50.74719508335187,31.36279474822791,58.666679069368215,11.304958665173444,19.095910591070066,36.25577652594792,False
Dhaka,Narsingdi,2017,925653.0,1556.03,27.149437081295307,48.48128236457671,26.94981518246989,22.9868066903985,7.626455139376851,24.909274891329225,False
Dhaka,Narsingdi,2018,946225.0,1556.03,41.619660426102975,46.87801815442605,0.0,14.480633843045416,23.090593260244525,25.78450188873318,False
Dhaka,Narsingdi,2019,951093.0,1556.03,12.626364094622796,23.3697884853944,45.53413083625652,42.52570490145028,14.622551431828924,38.66919898614856,False
Dhaka,Narsingdi,2020,987545.0,1556.03,28.01850973356298,24.706268987111887,44.90521818419959,42.86718909262209,31.260146867100765,34.98370896247358,False
Dhaka,Narsingdi,2021,966649.0,1556.03,3.981381230851517,25.50951310757735,34.246783955654415,18.95174965686464,23.35297913404661,28.46850552134505,False
Dhaka,Narsingdi,2022,1011410.0,1556.03,51.81241386356737,25.524499314525773,47.27296209740763,32.89487297591068,40.99015169948397,1.167184747719793,False
Dhaka,Narsingdi,2023,1031797.0,1556.03,9.51403662899558,30.39631578364488,31.35835337127744,25.20777831326225,21.30114475897356,51.96749081537092,False
Dhaka,Narsingdi,2024,1007227.0,1556.03,5.112032015866952,38.6001311957379,0.8093565708587409,51.314868939437645,31.969857323126902,17.512106303443197,False
Dhaka,Narsingdi,2025,1023616.0,1556.03,46.28874864434496,26.2839351311019,11.512405555957027,32.0508409422359,14.45523044658682,29.01820013567419,False
Chittagong,Chittagong City,2010,963403.0,1388.62,41.52341715237669,45.230291357107205,32.26507185352658,22.16015691340708,50.88257962301768,28.36594045348373,False
Chittagong,Chittagong City,2011,975959.0,1388.62,32.34743040044745,44.95122297060422,15.90415457592898,22.81482432636034,37.19120163081812,0.0,False
Chittagong,Chittagong City,2012,990533.0,1388.62,18.88309886794031,25.71044804351345,34.75581768081068,25.05146420340988,3.889066175690392,41.229628399441246,False
Chittagong,Chittagong City,2013,1002195.0,1388.62,41.96966688733126,49.17279535331031,19.31016464095569,28.83305157165447,20.30002432727347,40.13892729577715,False
Chittagong,Chittagong City,2014,1016669.0,1388.62,41.68226143332984,29.46631186983978,26.58246610501727,12.918290731186412,47.63396040889064,14.064311902697913,False
Chittagong,Chittagong City,2015,1032338.0,1388.62,43.78302557486511,32.17751166330918,8.78892969400303,16.908186001565447,26.747820741331527,16.88833435778558,False
Chittagong,Chittagong City,2016,1029295.0,1388.62,38.27515823751764,30.72004605585667,54.61182422236872,23.67446955605692,21.695914203852222,28.272991474272462,False
Chittagong,Chittagong City,2017,1060639.0,1388.62,32.716906972884615,45.0714584860892,38.72975174777884,26.716859015565,10.324455987060222,27.60960584642703,False
Chittagong,Chittagong City,2018,1081153.0,1388.62,44.75269786163228,4.659360009908824,46.855025870879,60.23828146760304,50.53403541309101,27.30096194802918,False
Chittagong,Chittagong City,2019,1083434.0,1388.62,22.61967743592253,50.91615174414311,14.284541353776284,14.89420318359562,15.684785423274873,29.305247063650448,False
Chittagong,Chittagong City,2020,1112876.0,1388.62,34.42513497901808,27.51269880018397,46.55800421200434,36.8233208397221,32.18552055019294,39.754837706106535,False
Chittagong,Chittagong City,2021,1103170.0,1388.62,33.220611863685505,51.33181911120558,38.61647597111025,10.223931505189556,17.929823282882996,35.78246353424656,False
Chittagong,Chittagong City,2022,1133110.0,1388.62,50.673960438676815,24.24602715774816,33.14307371167445,28.381899488528045,13.140800007652732,22.13744397486849,False
Chittagong,Chittagong City,2023,1157508.0,1388.62,16.5521931961427,13.258055657572244,5.823995752081766,21.9040444471047,49.64598182441669,23.29750295395576,False
Chittagong,Chittagong City,2024,1159652.0,1388.62,51.55637866758802,41.157149044499086,52.64967813074556,34.591942124270595,31.328468636343093,42.54049307893467,False
Chittagong,Chittagong City,2025,,,14.274669665792755,23.40089019180552,36.22512819941144,12.292783770879588,49.14895170537196,12.276672192828729,False
Chittagong,Cox's Bazar,2010,420701.0,4249.93,13.724464306085547,8.819774609179717,26.29310249882436,22.089740921766097,39.67664785866336,21.03010554959499,False
Chittagong,Cox's Bazar,2011,426542.0,4249.93,46.88017114228987,43.63540625733504,35.20720821801832,35.046355395621575,50.04936719602407,33.156955840194954,False
Chittagong,Cox's Bazar,2012,432832.0,4249.93,56.694304813777016,22.213348076730853,45.69764275884102,22.32051945697044,22.94459088376689,30.27680363102992,False
Chittagong,Cox's Bazar,2013,439344.0,4249.93,13.380176436050125,34.34262806161394,0.0,19.10530696007823,18.836124545146127,42.62091870341934,False
Chittagong,Cox's Bazar,2014,446358.0,4249.93,26.689948317046213,26.509108397119373,26.69193804522228,24.631581929283183,33.47792072107301,38.76386805320785,False
Chittagong,Cox's Bazar,2015,448832.0,4249.93,44.51995870294584,35.02571776272343,50.07548661651721,24.01245147513495,43.9065622933207,19.12155927378532,False
Chittagong,Cox's Bazar,2016,449647.0,4249.93,40.69168168988532,16.00673866886473,35.85209501575318,32.17348800531672,35.609290217188295,50.96512849721503,False
Chittagong,Cox's Bazar,2017,464427.0,4249.93,28.193123342043773,11.509398540703067,54.80983252484013,29.886572739730163,0.0,44.535747693099424,False
Chittagong,Cox's Bazar,2018,460699.0,4249.93,0.0,31.370675933329625,33.75196914631232,35.061122420817696,43.05658275679771,0.0,False
Chittagong,Cox's Bazar,2019,473384.0,4249.93,30.427078041527604,46.53437833259657,38.562732764171685,37.47138758607461,20.17957921669349,51.66689323546957,False
Chittagong,Cox's Bazar,2020,471248.0,4249.93,25.34559495729849,42.23186831536013,51.02062086365862,37.87028075628248,34.161737877369774,15.09342619506003,False
Chittagong,Cox's Bazar,2021,477380.0,4249.93,23.57664901690204,42.29169578959207,33.24865117558881,28.43861622454958,46.18073730521342,22.465916117823944,False
Chittagong,Cox's Bazar,2022,497177.0,4249.93,19.051904900077947,52.41151707273483,2.893512454841767,19.48200094766101,46.52613627461624,0.0,False
Chittagong,Cox's Bazar,2023,498104.0,4249.93,46.61967951620498,0.0,0.0,26.94344507382729,33.11709639515009,8.436496582989866,False
Chittagong,Cox's Bazar,2024,501252.0,4249.93,25.850282174211024,8.347760743744143,45.7619409890447,30.030661280676824,26.290263752354445,49.48333292259301,False
Chittagong,Cox's Bazar,2025,505978.0,4249.93,49.63446652800478,0.0,34.04139785005607,23.146551214498608,21.507137250769933,85.42315158910827,False
Chittagong,Feni,2010,239883.0,4296.42,43.87591634660948,55.2963822515601,45.55155100048735,19.53054929972352,24.03016551054749,33.468166634030766,False
Chittagong,Feni,2011,242677.0,4296.42,110.60423460743736,37.18712082503652,13.688942080028788,26.79229559699896,50.0461351623869,42.78932028347571,False
Chittagong,Feni,2012,245724.0,4296.42,29.976360801902096,0.0,43.86920798001956,45.20886117128797,33.395613832086056,28.49296706737528,False
Chittagong,Feni,2013,250138.0,4296.42,47.78543527452815,31.039971504496663,32.70934858616716,13.442207410959591,40.10160249867202,194.47538309335025,False
Chittagong,Feni,2014,252730.0,4296.42,37.04600793596586,98.38975111100451,13.403484620443944,26.10539259347611,47.28469873145534,31.446103610472445,False
Chittagong,Feni,2015,256100.0,4296.42,0.0,16.05988970278868,28.230416452894424,18.025095128246885,36.60720074566741,45.53211713233252,False
Chittagong,Feni,2016,256344.0,4296.42,14.531109092764185,16.75274547844495,22.30717707081846,0.0,46.86354833329935,16.580806691258655,False
Chittagong,Feni,2017,262878.0,4296.42,30.57645878229799,33.13111773616078,52.37033053753504,52.00823717458983,26.94622012588317,2.2282304644470936,False
Chittagong,Feni,2018,264604.0,4296.42,40.1783545225474,30.84932139715381,19.26513355156502,38.82028823895952,42.86269106379815,50.87098813665584,False
Chittagong,Feni,2019,265773.0,4296.42,34.891455638320785,35.37716530396679,29.00871232496224,33.42212465020072,49.61995189911952,0.0,False
Chittagong,Feni,2020,274859.0,4296.42,34.686720936216474,53.5705607217607,19.41501621639161,0.0,35.977874777459675,39.77071156469461,False
Chittagong,Feni,2021,270657.0,4296.42,32.76627480374248,22.79725453028405,23.40650947247515,49.76580281681071,45.476397026480505,13.34477005636574,False
Chittagong,Feni,2022,274591.0,4296.42,54.3954358071813,38.32923931457854,44.78336667027283,59.68677380585265,29.102289141202498,31.122032284455106,False
Chittagong,Feni,2023,282905.0,4296.42,0.0,30.63620603650474,31.47463855156095,27.89427400723161,25.67415116454148,20.413954497521765,False
Chittagong,Feni,2024,287995.0,4296.42,33.816712208033465,48.513945649700936,32.01160355849784,30.05084415165139,24.139314698127848,48.46564307331009,False
Chittagong,Feni,2025,285683.0,4296.42,0.0,41.57055863118489,17.203036256702692,28.772881766064742,9.717622353466709,36.12457290440746,False
Chittagong,Comilla,2010,704489.0,2353.39,0.0,40.36575117144589,51.45156854830079,42.72065729638791,53.097650768627,35.34990523466215,False
Chittagong,Comilla,2011,714299.0,2353.39,39.120240578796775,25.57618468167054,0.0,0.0,16.89787459621287,33.7408053948289,False
Chittagong,Comilla,2012,721392.0,,49.720193209237394,33.83287765982988,26.48036934793712,43.6315721935588,38.152632718470784,30.301056212477977,False
Chittagong,Comilla,2013,729786.0,2353.39,48.773013590477696,13.19484483957827,32.329319266418615,26.69074455894509,21.52519046612916,48.864613114805145,False
Chittagong,Comilla,2014,737559.0,2353.39,32.936194267077724,33.37979025111537,27.84217348516213,39.11348880264914,42.64247551399096,49.84147308216254,False
Chittagong,Comilla,2015,747992.0,,33.86349790059088,22.17544430164813,26.46279715561673,42.00301200688953,60.724439441730766,44.91825167566899,False
Chittagong,Comilla,2016,753716.0,2353.39,26.039190464203724,176.19807821173288,55.10046212423154,38.819021274157066,25.02661791018457,34.25628470740706,False
Chittagong,Comilla,2017,777664.0,2353.39,37.99561800496647,40.07239436700403,28.860608574003948,23.383398229192377,39.139880278328015,0.0,False
Chittagong,Comilla,2018,786117.0,2353.39,40.97828444993688,50.56741547419072,26.98569534744047,34.85132543491129,49.25202434079935,51.79302284393405,False
Chittagong,Comilla,2019,805426.0,2353.39,14.82025773524435,50.35062861779596,14.00475568752543,17.795130680684434,15.111616842112277,49.85636271330732,False
Chittagong,Comilla,2020,795292.0,2353.39,19.74601032423412,11.955266763142916,22.636184990439595,29.83370335542815,45.6876762630174,31.99824079515305,False
Chittagong,Comilla,2021,805241.0,2353.39,44.66481020031667,32.14710512846516,48.810496769287546,38.29580087690121,31.66707057525493,35.33007007584364,False
Chittagong,Comilla,2022,832885.0,2353.39,18.703224193145072,31.86766252866829,22.778694590812385,25.50955514749489,47.28373663538697,17.119229645291036,False
Chittagong,Comilla,2023,835723.0,2353.39,43.50215391868213,23.50107596990582,25.557371874328734,36.831237627827065,27.116078866527715,27.737255718905907,False
Chittagong,Comilla,2024,840863.0,2353.39,42.08813051264772,18.7046464653873,37.06495913904704,18.1835152359004,3.815494686424653,47.44453911739311,False
Chittagong,Comilla,2025,840021.0,2353.39,24.136439693828745,50.9338985097361,32.59835226906463,19.573416906055304,31.68386670986236,32.69370802642454,False
Khulna,Khulna City,2010,483152.0,1767.27,17.134945317863465,29.4343378938501,25.378313255994712,12.939703837545805,8.762606101998063,33.31994983631352,False
Khulna,Khulna City,2011,489923.0,1767.27,30.13833409311469,56.32660210432668,35.28693389140744,25.92262836446971,32.06128958252853,36.960837190964696,False
Khulna,Khulna City,2012,497372.0,1767.27,29.786474075822856,40.68876465476518,30.08160474297864,32.85837500378211,21.09965806724142,34.71877312389767,False
Khulna,Khulna City,2013,501030.0,1767.27,39.76086354614103,35.145797373444026,38.75626588957284,36.85859867545469,23.3516674201091,35.62689127994826,False
Khulna,Khulna City,2014,511252.0,1767.27,40.75117208851082,5.331377677567829,32.89599907839929,35.45446324528776,39.68339888969712,45.773755623874166,False
Khulna,Khulna City,2015,514399.0,1767.27,47.24048227468339,21.98847953622665,36.02245529620395,19.06172556016245,20.96223567965636,51.69995860294888,False
Khulna,Khulna City,2016,523761.0,1767.27,44.28236992820016,26.097648666560765,18.384110501657688,33.20295132214259,57.28679420094968,57.2702921757578,False
Khulna,Khulna City,2017,526308.0,1767.27,23.38120286199476,15.235770310542666,29.05230096674727,12.869854082197374,32.82294592923688,34.35233878842086,False
Khulna,Khulna City,2018,533053.0,1767.27,41.0698206168389,48.572467204636936,22.171658872312467,49.50840767118167,0.0,21.30493726465146,False
Khulna,Khulna City,2019,542965.0,1767.27,18.62686280423055,20.29563843729344,8.154699853864873,42.5657769856673,50.55571588317126,19.33060806565145,False
Khulna,Khulna City,2020,546444.0,1767.27,27.68471005436803,24.822955177161933,44.33948312446139,10.04215240771049,44.10481201332173,32.37959157980256,False
Khulna,Khulna City,2021,545649.0,1767.27,24.379329960577977,42.29669248469919,49.34011606356694,45.87076323244163,4.358544594164835,33.236649312463705,False
Khulna,Khulna City,2022,556054.0,1767.27,41.15994193819505,17.396798442271045,53.73856073169887,37.57944950420401,22.110645392002823,15.6329268053462,False
Khulna,Khulna City,2023,575098.0,1767.27,43.727028091439465,46.88164976480344,50.2681733346734,10.658828769288869,46.6779316452923,44.19578216787362,False
Khulna,Khulna City,2024,582301.0,1767.27,25.95156961059279,47.53042645977793,2.398584501533683,28.770834704283025,11.743080851084148,0.0,False
Khulna,Khulna City,2025,577972.0,1767.27,18.134164527039378,33.01720778531008,19.15896923588183,31.88110911517617,58.35337525839736,22.63680688058721,False
Khulna,Jessore,2010,718396.0,4368.0,48.89489394157259,33.44899170636268,34.80307339520535,39.533715513127376,29.604396617756628,38.90353902650989,False
Khulna,Jessore,2011,727660.0,4368.0,16.66452571242687,24.41844390585329,34.96780075539741,51.35558115711098,47.495959178736726,50.48117796462317,False
Khulna,Jessore,2012,737941.0,4368.0,45.642707699731545,51.40538157710582,27.48689085091552,23.513603342585963,102.37015431155852,31.89741317582573,False
Khulna,Jessore,2013,748096.0,4368.0,52.163423636853175,24.450006131696224,32.56752957590117,32.821288286787016,42.97677040462453,34.18228875836937,False
Khulna,Jessore,2014,752331.0,4368.0,27.8972460366606,38.69571147649817,38.91736095405685,54.1707380682331,168.0104972336034,0.0,False
Khulna,Jessore,2015,770657.0,4368.0,4.328945997681592,17.87677554499616,30.26430042166613,20.073477971401783,48.81671142608133,42.597223865533216,False
Khulna,Jessore,2016,774706.0,4368.0,64.04801178541062,41.67749537684793,39.24729007278186,25.515367490732785,19.358137915506028,28.56062481085177,False
Khulna,Jessore,2017,786499.0,4368.0,17.482276489483166,33.01016032820628,144.0333834633448,35.52112500331189,56.95510998416001,20.45719371922731,False
Khulna,Jessore,2018,786367.0,4368.0,20.99307923707538,47.51910311398291,40.19784917471672,21.43293966204755,18.005947072182103,32.907353429154405,False
Khulna,Jessore,2019,812341.0,4368.0,52.44582932988149,238.25561850390616,52.163019037266594,40.286748578577416,26.365092203802025,43.14496194130516,False
Khulna,Jessore,2020,806495.0,4368.0,59.17942044477445,22.83674861708881,33.67585232607699,111.80340340077362,10.888306631647014,28.33033886502421,False
Khulna,Jessore,2021,843009.0,4368.0,12.163294305848416,53.527392746560025,2.375777744283034,19.947757917695817,20.109837404210545,39.370277862472086,False
Khulna,Jessore,2022,832002.0,4368.0,23.53993331153824,35.29245773936754,50.430820437079625,3.34751911761716,21.607091410468687,21.086346379406667,False
Khulna,Jessore,2023,856879.0,4368.0,36.66377377582104,28.646904583476363,33.443106649930286,44.77163967940207,22.92575193869991,46.20050331520657,False
Khulna,Jessore,2024,843380.0,4368.0,43.89184116731618,34.96808495340096,41.669747135425006,38.61319297611957,36.87822148931174,12.943656036056405,False
Khulna,Jessore,2025,861831.0,4368.0,50.75619287009745,54.92295423072178,35.19362460323136,57.526500205262224,58.42714970916177,45.90865109562348,False
Khulna,Satkhira,2010,247646.0,868.85,28.85432212475655,24.608870473280163,49.17443453666675,30.30362217572021,46.29210939439825,4.561121824331577,False
Khulna,Satkhira,2011,250693.0,868.85,18.25358984251068,34.16942798139094,49.529549065599866,32.625859205592256,26.01721055556989,28.273284079058467,False
Khulna,Satkhira,2012,254764.0,868.85,48.82837913586361,17.102345671941418,0.0,23.58512429427051,45.99656246519943,39.03170701858952,False
Khulna,Satkhira,2013,256613.0,868.85,33.76706224823436,35.337799290816754,46.29253460376892,33.964264265417285,45.23601338921057,121.72770181089564,False
Khulna,Satkhira,2014,262788.0,868.85,42.29298991868317,6.635524724248066,4.042370580382299,4.138410816180535,9.653873529666898,20.624546153013785,False
Khulna,Satkhira,2015,265407.0,868.85,30.0699697198726,28.279670116166333,0.0,4.62582753545179,0.0,32.441823215043435,False
Khulna,Satkhira,2016,270071.0,868.85,13.870839741469783,27.571664657133603,17.745076121839553,26.847698995127097,24.13264152935121,12.34005672923032,False
Khulna,Satkhira,2017,268214.0,868.85,45.57221166017028,30.05098184847688,32.09236118216856,54.41137643425896,53.13178381838709,47.27180355881761,False
Khulna,Satkhira,2018,278687.0,868.85,40.787106284086434,41.77785958521449,18.2306188532126,16.249262474065215,36.15416158512679,22.49295342401983,False
Khulna,Satkhira,2019,281642.0,868.85,30.363152075486017,30.749528802083827,11.820465989745571,37.7869256801433,18.9229479391052,12.17207875476198,False
Khulna,Satkhira,2020,277229.0,868.85,24.89465232171701,22.87673648007661,13.858443221255474,40.88046332450159,113.17285311143596,2.824288047731996,False
Khulna,Satkhira,2021,283685.0,868.85,39.1881324558809,18.86144206607066,19.072926777733464,34.61241755348436,0.0,23.505358860151382,False
Khulna,Satkhira,2022,294093.0,868.85,57.956475165764274,22.88264598453805,32.56793008084029,38.51088489960372,43.75489686177256,40.5952999208667,False
Khulna,Satkhira,2023,289728.0,868.85,34.99786066441949,42.928682545518015,45.28801887052883,43.99007315313533,23.017814778776515,20.89237593264465,False
Khulna,Satkhira,2024,296521.0,868.85,9.136830115470923,32.564896626524934,42.55337948554532,30.95828736353592,39.030413592565694,41.3630957298294,False
Khulna,Satkhira,2025,302795.0,868.85,19.299896686786195,16.125985103000474,40.7883324388847,29.196167505229624,57.35786244229655,25.34705068884585,False
Khulna,Bagerhat,2010,451136.0,2269.68,53.152703219537486,41.2102391404508,52.9303514311318,38.261015470599474,20.629886459347453,24.91350860031428,False
Khulna,Bagerhat,2011,456213.0,2269.68,25.38117926766945,40.91813893255979,52.0299837047735,40.507296519386905,36.82859243550534,41.76148765463567,False
Khulna,Bagerhat,2012,463400.0,2269.68,12.287164512737055,49.39404532454989,27.998660394596207,54.04557198253509,12.204274296521143,17.806744683430445,False
Khulna,Bagerhat,2013,470701.0,2269.68,25.912266673801422,43.84474325380014,17.378031277318616,42.33716536624028,18.614598412321254,43.67034667437071,False
Khulna,Bagerhat,2014,475755.0,2269.68,29.9347947172472,18.77360057775396,0.0,31.10838839501489,15.887136238045905,46.85303791435819,False
Khulna,Bagerhat,2015,484632.0,2269.68,33.72267868857582,39.04680098992185,46.501932356393645,93.86345630035372,18.37636221317774,50.50451066724351,False
Khulna,Bagerhat,2016,489981.0,2269.68,0.0,27.18318236456448,26.421402715093727,10.867894731994229,46.28145930410294,34.08387110243738,False
Khulna,Bagerhat,2017,500507.0,2269.68,26.78603535224392,50.19038338961188,19.15384436138381,25.832125109662872,46.79434261123789,43.15471008065296,False
Khulna,Bagerhat,2018,506117.0,2269.68,27.290107815646664,51.72729767616116,49.22935401614639,19.454590085280486,44.31049923381308,45.93922655366886,False
Khulna,Bagerhat,2019,512995.0,2269.68,12.04375219894598,37.49850927609249,44.64547201482884,24.900622421614603,39.51285531124485,30.72466265838836,False
Khulna,Bagerhat,2020,520937.0,2269.68,25.930132504283044,17.069884235499064,42.28354496565708,35.02079807321403,46.1419106394191,19.730218249080487,False
Khulna,Bagerhat,2021,509889.0,2269.68,50.63610006999215,45.88543824538725,0.0,37.15589698369591,32.88207214426899,52.63441931638096,False
Khulna,Bagerhat,2022,,2269.68,17.46628874917721,17.235521540579867,45.79684735663686,46.03943650587824,92.02811182308224,22.9324736094457,False
Khulna,Bagerhat,2023,528962.0,2269.68,36.192182027967576,35.30424554277132,55.171227208311,12.75570094204218,12.939295712065412,33.455123598221874,False
Khulna,Bagerhat,2024,540315.0,2269.68,24.766365358997938,24.10857929964964,43.962936098955225,44.56980331199835,54.93755698513952,18.55564595084892,False
Khulna,Bagerhat,2025,549057.0,2269.68,22.57856698141929,21.32032693001359,32.43651622635092,33.42936933971352,11.20467472923792,47.967178082341775,False
Rajshahi,Rajshahi City,2010,445992.0,4695.57,14.651829662556828,28.799421678132795,74.59474859508667,44.60614478687206,28.69728490507556,22.6168481756156,False
Rajshahi,Rajshahi City,2011,451724.0,4695.57,49.44006133993791,53.13953471757007,39.34410854090606,0.0,20.26015309695164,36.59121204444426,False
Rajshahi,Rajshahi City,2012,457468.0,4695.57,0.0,39.47793399000882,52.54296619031381,47.91415457210967,30.08821557221304,21.904074037890503,False
Rajshahi,Rajshahi City,2013,466335.0,4695.57,45.2015509017166,40.15585873752708,20.56547753648811,23.26490781901335,19.654518203608404,45.82111131786754,False
Rajshahi,Rajshahi City,2014,468157.0,4695.57,13.083005455383686,45.90613744845131,118.288546693144,31.55320310972318,37.58602120113646,42.59547179133952,False
Rajshahi,Rajshahi City,2015,473796.0,4695.57,30.8308055068199,15.544514695397265,40.712050152470944,29.20446082304748,25.20917735594784,38.66183084036642,False
Rajshahi,Rajshahi City,2016,485611.0,4695.57,31.34014972022517,50.22025243649412,33.758314619618695,25.96627247594017,57.60607909964593,47.915473892759735,False
Rajshahi,Rajshahi City,2017,485641.0,,45.84168380293911,16.813365533589383,0.0,34.073012204938685,51.11186251882979,38.7308780396213,False
Rajshahi,Rajshahi City,2018,,4695.57,26.42165173817093,41.32166393414646,28.83597051829356,45.27640704574065,11.095368739102616,41.88234336575603,False
Rajshahi,Rajshahi City,2019,503789.0,4695.57,40.3761608309413,21.044380916453296,29.128926674456803,3.494778652649052,34.087158411270764,45.418702970615335,False
Rajshahi,Rajshahi City,2020,497880.0,4695.57,45.97061173972851,31.588337543445853,47.4307135291385,60.66871397563525,38.87563560166843,46.00957601486632,False
Rajshahi,Rajshahi City,2021,510779.0,4695.57,32.95441349396423,12.274285347781545,43.08903098048338,35.84372107409807,22.62818417521479,26.796858354366982,False
Rajshahi,Rajshahi City,2022,531596.0,4695.57,39.66968464105016,37.71250230824319,22.567328539678925,0.0,55.5450777933179,19.79727898646828,False
Rajshahi,Rajshahi City,2023,540482.0,4695.57,0.0,30.014354046814063,56.769780489619095,24.91034548910513,13.562948336834992,54.34824579979916,False
Rajshahi,Rajshahi City,2024,520716.0,4695.57,23.503701926910487,20.6413724957658,41.55459135030628,52.75542434228977,54.79320667386354,19.199086815201508,False
Rajshahi,Rajshahi City,2025,533623.0,4695.57,34.34822709016773,48.51649580121707,16.1021249020408,39.47050040319444,40.167776711401686,65.90071428069231,False
Rajshahi,Pabna,2010,627831.0,3807.62,39.74265222620523,16.572943206141048,0.0,34.43101138849357,40.30956132999906,43.45379295348032,False
Rajshahi,Pabna,2011,635870.0,3807.62,24.25868740021078,20.71074758512132,40.55595612735658,50.32617619396448,39.374225440309445,50.82910394431175,False
Rajshahi,Pabna,2012,645651.0,3807.62,15.123144770912733,43.8714019826865,22.264720752761505,15.133016814226435,44.16980942526792,22.35584904762636,False
Rajshahi,Pabna,2013,652347.0,3807.62,41.70042487285015,24.17063048128373,32.23875308631993,41.54878634190634,18.82930587552511,47.276284483163714,False
Rajshahi,Pabna,2014,664648.0,3807.62,56.01252023629606,43.91833331269387,26.497489792671537,10.722392317992124,0.0,27.559961979654062,False
Rajshahi,Pabna,2015,672692.0,3807.62,28.860040208597947,43.560128657176286,17.186550945555332,23.619838737148324,17.10192429290282,4.763212762294402,False
Rajshahi,Pabna,2016,678406.0,3807.62,33.72731168699109,16.25831550543427,35.257947484049375,24.55668875780134,31.04615126923889,27.32974697014147,False
Rajshahi,Pabna,2017,680117.0,3807.62,35.89109143701987,25.162201446501303,41.23828233854979,41.9527474194313,51.695281622071306,11.482357480230576,False
Rajshahi,Pabna,2018,704282.0,3807.62,57.8852041301905,22.005326710976675,0.0,29.10451783058231,38.048408396968966,22.789084406037983,False
Rajshahi,Pabna,2019,695198.0,3807.62,18.967004329060742,42.20098677864478,29.153148112349605,34.29664609397585,27.401980853819342,32.886879930721044,False
Rajshahi,Pabna,2020,724844.0,3807.62,45.77920634094132,43.9460060169925,39.88175027817766,24.41599135836463,28.787974346396105,47.18439948644792,False
Rajshahi,Pabna,2021,723979.0,3807.62,32.29384629426264,29.03248554385292,16.873521808768782,52.50991801895641,27.33058595515529,42.63679780304908,False
Rajshahi,Pabna,2022,736438.0,3807.62,211.20509668752248,30.490548146496483,45.519832117212346,32.17927875285094,46.14636103771117,49.95643941008026,False
Rajshahi,Pabna,2023,750975.0,3807.62,42.281082474591976,40.95384685074868,56.56219564246427,14.787844956875308,51.835948401125535,45.1117719944984,False
Rajshahi,Pabna,2024,732700.0,3807.62,35.56570471928495,17.173767739259052,52.941819594885885,53.626188825281375,38.74494719403649,30.991428552852486,False
Rajshahi,Pabna,2025,743115.0,3807.62,32.95499380637811,49.73598809331297,38.07782945047671,29.34961436991113,28.45329600096811,22.91893914853183,False
Rajshahi,Natore,2010,960986.0,1706.21,10.086284830717489,38.36457013763067,52.46516750780939,33.841585725770834,30.806462845551827,21.65989555404132,False
Rajshahi,Natore,2011,972393.0,1706.21,243.60628523152047,45.5389469029554,45.80208815835331,21.55709874601,26.713871598812865,44.755139890998,False
Rajshahi,Natore,2012,989312.0,1706.21,39.2026580789062,21.960321132674963,16.905828120707948,50.52578655400357,26.72762552704473,28.20409315006378,False
Rajshahi,Natore,2013,996414.0,1706.21,35.036726532586364,43.53724346583008,9.95630146226908,36.10269869411781,54.0309328033825,47.24059345724012,False
Rajshahi,Natore,2014,1015445.0,1706.21,19.490221243673247,29.92606135497612,47.46307342935221,24.73475088573181,18.87549233128795,16.920397935301047,False
Rajshahi,Natore,2015,1023531.0,1706.21,20.95253446847113,32.78753731550149,20.81997511586008,29.70207721245964,25.64436181720975,34.37651203737418,False
Rajshahi,Natore,2016,1038360.0,1706.21,18.04591117308577,22.65012968419738,32.02775988600223,53.67148488861047,50.36710514807996,46.61892663763847,False
Rajshahi,Natore,2017,1062823.0,1706.21,14.690420672150552,158.3890650489713,0.0,30.529291091589915,11.410256481599951,37.4765623124315,False
Rajshahi,Natore,2018,1058705.0,1706.21,31.120046963543302,51.38802655859027,41.9872516576789,23.40815174279168,25.80482723778512,25.078734481210205,False
Rajshahi,Natore,2019,1097283.0,1706.21,36.44647225632763,17.042898464916174,17.280415183434485,39.92459552583357,30.3999239940544,3.0288676096431644,False
Rajshahi,Natore,2020,1084312.0,1706.21,21.43912889424237,46.43212374170417,43.23432939156835,16.643567869741453,42.482110929999415,30.8580556890842,False
Rajshahi,Natore,2021,1128988.0,,44.74779794418988,33.456660815100776,22.89809090641761,14.560682942143524,37.09636721415079,23.53625028173906,False
Rajshahi,Natore,2022,1137912.0,1706.21,28.984180825548872,37.5740173012272,48.0941939761543,30.60034092761142,30.167327836439046,45.27638789891928,False
Rajshahi,Natore,2023,1160808.0,1706.21,12.797639078367668,9.886718378251068,35.90255408410115,18.598254748931804,5.35089819092263,36.386550717689325,False
Rajshahi,Natore,2024,1141332.0,1706.21,39.27241613183084,20.91107875323188,27.99221477579639,25.76876114248077,29.275781173498995,0.0,False
Rajshahi,Natore,2025,1134901.0,1706.21,40.88066620625143,25.28412280319787,16.06751739262847,33.61509163943235,15.244607597962576,20.79304565692331,False
Rajshahi,Bogra,2010,161260.0,2802.16,11.853070471310224,42.71765341802807,37.55587650076954,49.95638727240042,48.785075916073374,24.85610789737961,False
Rajshahi,Bogra,2011,163658.0,2802.16,49.03818194297909,51.97412050079829,25.164321810054112,24.54587336556069,18.620714303441385,36.13315197389485,False
Rajshahi,Bogra,2012,165308.0,2802.16,44.18575831693103,54.25065668963292,38.29680909540659,30.8793166532547,2.091964955469019,24.47181345169028,False
Rajshahi,Bogra,2013,167346.0,2802.16,49.2857721852091,38.00676239626713,46.89683945147814,34.46485978731635,44.42069748226194,35.805182905662726,False
Rajshahi,Bogra,2014,169497.0,2802.16,47.256903698350285,31.973928432449124,46.89951227109973,32.3506099828152,15.899368509521569,20.5837259569628,False
Rajshahi,Bogra,2015,172030.0,2802.16,29.60850507958834,31.34181029380672,38.100265051024834,24.141195643530548,23.51092502525529,0.0,False
Rajshahi,Bogra,2016,174722.0,2802.16,25.699855403242232,47.90706454148996,34.4058718471534,15.629465462095196,25.320427494872337,50.44430458226637,False
Rajshahi,Bogra,2017,176453.0,2802.16,43.98277469481639,55.39560842252739,24.151825858800887,32.016015883223105,20.89256384438413,22.581790553918346,False
Rajshahi,Bogra,2018,179943.0,2802.16,32.83838775187674,46.797907879002416,17.921758401036477,32.79909964013207,40.36891258979667,31.62671008026694,False
Rajshahi,Bogra,2019,181170.0,2802.16,20.75674552818454,56.82565498526557,13.188195885613911,23.151918744879453,38.247989418948464,17.85901877251716,False
Rajshahi,Bogra,2020,186502.0,2802.16,47.92781693439501,49.80146362539394,49.887865434464125,34.430538220602045,39.1981579026425,53.28332485206568,False
Rajshahi,Bogra,2021,187244.0,2802.16,49.28588877369959,21.28478328809361,32.72631097123364,241.05536435659585,18.861239962483832,0.0,False
Rajshahi,Bogra,2022,186531.0,2802.16,19.48114533766888,25.482252532446413,24.119709419149448,43.53083009268269,32.287140072686014,11.798107578412193,False
Rajshahi,Bogra,2023,194834.0,2802.16,152.8639336278977,0.0,39.93295414192928,49.23593292976499,31.7832985564814,19.576220837205945,False
Rajshahi,Bogra,2024,188536.0,2802.16,22.478312036496146,18.10717431376317,0.0,26.678956669724297,42.72934786357031,19.43890533533868,False
Rajshahi,Bogra,2025,191763.0,2802.16,42.16499696887892,24.90538033948487,21.18855529745636,34.92470874880601,55.7423275118772,19.99864734599553,False
Barisal,Barisal City,2010,849037.0,2914.6,9.862999360662094,39.91367840827888,23.378895447673138,17.097703417157934,30.04358082591475,17.93700827121601,False
Barisal,Barisal City,2011,859625.0,2914.6,22.351170309843937,25.026632764611705,13.043229474048026,19.09882240466076,11.482852957586928,29.29444871684774,False
Barisal,Barisal City,2012,869659.0,2914.6,29.68091614547737,40.454130501607054,20.651028420434795,29.879921906681453,14.636865516790944,0.0,False
Barisal,Barisal City,2013,884941.0,2914.6,11.297798463209476,55.42864547958949,42.79458580226849,39.6793688453202,51.878847181865865,31.76622847114349,False
Barisal,Barisal City,2014,894923.0,2914.6,20.17981502435053,24.73336002075196,39.50751900870136,56.68844111341983,45.505932064388745,25.89350743618515,False
Barisal,Barisal City,2015,897422.0,2914.6,22.662688761649253,45.68082287047284,43.49096367381246,15.8896193860076,38.7981440856945,23.28227023967066,False
Barisal,Barisal City,2016,914187.0,2914.6,16.50989124130727,36.72548978382595,32.63319268748457,55.512013862835495,49.365064863636704,28.33791821577678,False
Barisal,Barisal City,2017,927950.0,2914.6,48.29869878735585,30.9651707984683,27.595009555687767,39.80399260013344,43.72133936309925,49.80002366381512,False
Barisal,Barisal City,2018,948308.0,2914.6,21.617016732450374,24.811881548117498,38.73275537846864,27.82931327284336,38.29598255927166,8.494727437144613,False
Barisal,Barisal City,2019,943239.0,2914.6,13.545743976641472,49.01948270124621,38.27910121219446,31.68013551771237,33.614085489453366,53.8256849926761,False
Barisal,Barisal City,2020,966068.0,2914.6,25.83962928171473,36.88399256536134,35.6662126683482,18.166998923269905,23.300743601079823,0.0,False
Barisal,Barisal City,2021,975989.0,2914.6,20.97324201273662,19.17468953822229,32.94076121028962,41.799884864919534,19.53718290525561,37.723409703669645,False
Barisal,Barisal City,2022,999593.0,2914.6,1.3545984264386182,28.961625065789875,10.368188122071563,45.91737923279685,36.45253597233336,34.04103941777894,False
Barisal,Barisal City,2023,,2914.6,0.0,20.82071921329517,0.0,50.47496091983646,50.20158455631779,28.21120405151977,False
Barisal,Barisal City,2024,998617.0,2914.6,18.670858405726,0.0,14.42613188764866,48.656415299678805,20.51837455566421,38.32090688855742,False
Barisal,Barisal City,2025,1012415.0,2914.6,31.14064289716719,35.82603243913424,39.03265015660084,55.50862240020556,38.09006837168536,27.358852753448385,False
Barisal,Patuakhali,2010,767242.0,2342.25,3.523215998011544,36.74280979854572,39.967684395512975,153.68715131999798,13.81661683838028,13.229933240371404,False
Barisal,Patuakhali,2011,776909.0,2342.25,25.46998529659217,46.37707983301701,23.61511796955281,246.45291717146847,26.93370714757661,44.7697032359377,False
Barisal,Patuakhali,2012,788212.0,2342.25,94.26045250009976,22.473501066384127,45.20872804111733,23.80755790929152,23.71551509522394,43.44810826256322,False
Barisal,Patuakhali,2013,798736.0,2342.25,40.70788392066792,38.004265943103015,38.37050398532229,49.96738383786769,29.06426161425415,29.578301577066966,False
Barisal,Patuakhali,2014,813114.0,2342.25,37.04505361997782,25.286057353836405,33.23723212434876,49.21223528546753,19.68829630036646,28.80892374164336,False
Barisal,Patuakhali,2015,811915.0,2342.25,39.508434915853314,4.497493360051095,48.74433395585413,32.215105143366124,16.664605566501983,0.0,False
Barisal,Patuakhali,2016,820450.0,2342.25,42.99041479130051,40.85616465575394,33.3680546692996,13.178445466731294,32.355553956171114,39.3452399180018,False
Barisal,Patuakhali,2017,832517.0,2342.25,42.33502898776896,26.163288185072343,16.104908863308868,14.783291326469968,27.791002807954627,40.906778576306536,False
Barisal,Patuakhali,2018,861380.0,2342.25,17.92891275448541,26.39204926864878,32.78413740580868,38.20945129454499,41.67230829474462,57.68092556581603,False
Barisal,Patuakhali,2019,850417.0,2342.25,43.733480075489,22.95265899201945,40.35104856108392,12.08861963585896,42.10391672416225,36.34942340246312,False
Barisal,Patuakhali,2020,869679.0,2342.25,22.71682588020328,45.78009045312959,39.66617041728339,31.990116782750363,35.78648214181609,0.0,False
Barisal,Patuakhali,2021,903250.0,2342.25,31.496050125025832,51.54721809711551,14.352981487915594,14.725247043463328,15.184067174059267,22.53514065031946,False
Barisal,Patuakhali,2022,903696.0,,19.50182920489722,28.608667967726376,47.63822065622638,58.35544405559525,42.02080810817694,32.25870117505323,False
Barisal,Patuakhali,2023,898857.0,2342.25,29.787683402229995,47.07366158353987,18.47991604628192,33.36385347411827,20.42350165946724,18.086306216614865,False
Barisal,Patuakhali,2024,900690.0,2342.25,25.38954282695837,6.347628181304052,43.288127031079874,31.707212486459333,39.86731597746514,8.21536873963002,False
Barisal,Patuakhali,2025,953762.0,2342.25,38.61456952825565,20.72985931057129,0.0,32.1858813069158,24.61471204004102,46.46399170714152,False
Barisal,Bhola,2010,834459.0,1844.02,41.63264143219066,25.87114481091593,44.31566585320618,49.52755349786046,30.23301365363928,48.24328924769888,False
Barisal,Bhola,2011,846151.0,1844.02,44.11481096638572,11.26084675723424,13.981459983997702,13.36263138609504,26.417443672007195,29.17389203166725,False
Barisal,Bhola,2012,855598.0,1844.02,32.38446356975791,41.504895716792994,23.234223733035524,52.97370253409553,11.515982366318768,44.38721353366606,False
Barisal,Bhola,2013,872130.0,1844.02,32.48634499814638,2.374140177899736,1.2819359799594068,43.88230769684561,27.134556900806235,33.57838573728872,False
Barisal,Bhola,2014,881455.0,1844.02,11.802855236049387,16.47792266186365,6.372783278495563,52.73510989856545,24.34661946751678,52.2888766495496,False
Barisal,Bhola,2015,894404.0,1844.02,40.27825521922853,23.888186907613665,51.71031791667549,45.52585852491151,30.47683062447549,0.0,False
Barisal,Bhola,2016,908110.0,1844.02,42.94171757912866,6.565606358639745,37.26391441479383,19.26741652925864,48.13485697864054,22.805930013088275,False
Barisal,Bhola,2017,904941.0,1844.02,34.45280968522477,45.29206806050316,29.504695442257905,10.412063704063016,46.40391679506233,38.28779885918227,False
Barisal,Bhola,2018,914117.0,1844.02,50.03892477382566,53.42616639619265,27.460910010111483,33.14480654996283,5.0837919997885805,28.951562705961543,False
Barisal,Bhola,2019,929625.0,1844.02,18.60764179262081,0.0,45.88506347324823,21.796898934913923,2.96879527581344,37.78929367442024,False
Barisal,Bhola,2020,940173.0,1844.02,36.37731788219364,21.052492358426875,0.0,29.343569536407703,28.773385764560683,34.20722070463719,False
Barisal,Bhola,2021,966312.0,1844.02,34.60377646305142,39.44523040445449,10.937896562190843,24.430984614606736,22.680703050967544,30.085618670103205,False
Barisal,Bhola,2022,977077.0,1844.02,37.356726515780096,13.677664667059643,9.927621610464772,1.5482100542727513,55.127161102831664,19.69539901127777,False
Barisal,Bhola,2023,962577.0,1844.02,17.964415796465506,31.55023507996727,50.08767142264912,36.27445800472113,47.3325236051071,50.39220491291945,False
Barisal,Bhola,2024,995700.0,1844.02,18.19626796271232,38.06083685646336,24.89809916962384,3.871115546905191,9.775167903236747,52.406572954816646,False
Barisal,Bhola,2025,1012366.0,1844.02,14.008368471776482,54.2196837532432,25.145323599760168,24.748799527588133,54.45845126569711,42.5400511723222,False
Barisal,Jhalokathi,2010,536841.0,3795.07,42.6840606627332,15.687826491572372,28.94811925332694,45.52691407964274,42.36133264581196,33.47437202207708,False
Barisal,Jhalokathi,2011,543481.0,3795.07,22.199797639031186,17.621498913029974,230.33169918879523,45.81583801136187,24.78424323229924,21.329424548654817,False
Barisal,Jhalokathi,2012,551000.0,3795.07,34.27451861406315,17.91207472582789,50.11813123226343,24.36847561258484,34.60142897436267,39.88133324417307,False
Barisal,Jhalokathi,2013,560152.0,3795.07,122.14142417210934,29.59486126333072,4.704094946068554,17.864172539299055,73.61878476477105,34.08622019306684,False
Barisal,Jhalokathi,2014,567382.0,3795.07,43.32759496542484,36.38241548222756,33.84529777097097,20.258286719901808,13.541939206577853,35.5134937550598,False
Barisal,Jhalokathi,2015,570547.0,3795.07,37.30798205888487,46.83508476252978,0.0,39.16938218905359,41.23348852091972,0.0,False
Barisal,Jhalokathi,2016,581363.0,3795.07,39.68975043000475,25.37985937311016,41.99706664034172,39.305995594960805,38.72579782962044,23.09996300557028,False
Barisal,Jhalokathi,2017,587883.0,3795.07,29.256574250945853,28.41564474245449,25.409684013017305,18.984441095115645,11.655959402473236,30.413820606726023,False
Barisal,Jhalokathi,2018,604690.0,3795.07,37.38768062890702,27.222156111492303,43.43737310808631,56.274086306667904,21.70678029833301,36.88892493322492,False
Barisal,Jhalokathi,2019,612743.0,3795.07,44.58404240937667,44.43083305805735,25.710707869407027,17.872826446028053,19.24009905154617,45.83961637919073,False
Barisal,Jhalokathi,2020,606788.0,3795.07,39.720211306058175,20.81499779057472,26.12548978268189,24.78348858764981,35.79598093242683,21.01022884456002,False
Barisal,Jhalokathi,2021,624667.0,3795.07,64.06448269253556,41.51975888601231,61.74438291551999,50.13393567289274,42.89491980505866,44.25159602895712,False
Barisal,Jhalokathi,2022,624024.0,3795.07,21.799997044180248,30.819280549478524,34.54162640672986,36.14763227628159,32.797515297484765,52.99960567054276,False
Barisal,Jhalokathi,2023,624389.0,3795.07,19.649064126612124,12.1747546136783,2.452885529931081,27.375163049012823,31.596695310596104,39.38044498986955,False
Barisal,Jhalokathi,2024,643445.0,3795.07,30.497338771762347,47.17839876159546,0.0,28.26836883484859,52.02190784990869,63.020691065292766,False
Barisal,Jhalokathi,2025,650681.0,3795.07,18.28543399694616,18.400149413140795,47.64219699939138,28.21345942110933,143.38049132428907,21.070006102531515,False
Sylhet,Sylhet City,2010,959864.0,1681.58,33.17832245919979,39.506870174503305,27.832625770865807,9.335584950268656,37.63489625363993,53.96500430321158,False
Sylhet,Sylhet City,2011,972827.0,1681.58,43.31769991175356,0.0,29.956502018736764,22.929459135469862,39.36771758198788,30.531789170999613,False
Sylhet,Sylhet City,2012,988467.0,1681.58,29.16550765185148,23.18117159395509,39.59842933588978,9.63745419803417,26.98586928389546,50.90215070177104,False
Sylhet,Sylhet City,2013,1002283.0,1681.58,17.112332792145537,36.17358894902599,26.022794351397145,17.879379702104863,10.686464428875952,40.62525340252021,False
Sylhet,Sylhet City,2014,1011782.0,1681.58,35.31535662341888,38.9122501908667,32.39114974876151,43.600594697797845,0.0,66.63953603107171,False
Sylhet,Sylhet City,2015,1024068.0,1681.58,23.78675478757256,18.42830754911757,36.82285922668833,27.91378351710276,21.95043832697691,25.078206306717483,False
Sylhet,Sylhet City,2016,1042764.0,1681.58,17.790740535564712,43.76453005472038,34.98594763337562,41.75613196573441,0.0,47.47948321116093,False
Sylhet,Sylhet City,2017,1062636.0,1681.58,29.46360439141863,9.142012784721448,49.03443204420631,26.44316513427882,4.776415282271304,33.57336476163027,False
Sylhet,Sylhet City,2018,1063166.0,1681.58,36.48354478538588,72.87118850131554,29.45351650345172,19.54769784431326,24.74526326650029,33.77839104411649,False
Sylhet,Sylhet City,2019,1097065.0,1681.58,54.72403753509644,35.0344005807201,32.76282342153154,19.66834890430069,16.06849532985781,40.81640394387873,False
Sylhet,Sylhet City,2020,1092410.0,1681.58,45.484316494446034,34.58694813078628,36.466387671516486,20.73559002526172,33.13901591447477,15.85773750632192,False
Sylhet,Sylhet City,2021,1127918.0,1681.58,42.05767408580861,25.96509288728643,23.88304031278761,0.0,48.52762182159329,23.232528796207426,False
Sylhet,Sylhet City,2022,1099955.0,1681.58,53.09570422627701,23.33872270912256,23.89826567467121,5.37389292772184,39.78633420582155,48.888004675475536,False
Sylhet,Sylhet City,2023,1117603.0,1681.58,38.48634236495432,40.45463136718902,36.04620958583119,48.62988393489801,47.64736097421014,27.42221267917817,False
Sylhet,Sylhet City,2024,1155144.0,1681.58,29.975492857736352,41.97784293827131,28.804684321100048,0.0,0.0,17.573499557813548,False
Sylhet,Sylhet City,2025,1145006.0,1681.58,42.61756560090957,19.97144769424685,50.80630777304256,31.693011650658818,0.0,39.80696857768999,False
Sylhet,Moulvibazar,2010,460777.0,3713.39,16.440440362995048,40.99955799810174,258.01429530066014,48.95432711475884,36.81637938292007,44.39855333646516,False
Sylhet,Moulvibazar,2011,467282.0,3713.39,3.943537914731653,52.47755879214576,41.82274137970073,27.26832850608306,27.48292601529746,57.84979683160571,False
Sylhet,Moulvibazar,2012,472843.0,3713.39,1.5102397639538363,33.8357595176198,24.89527122661602,29.71721620122564,2.880332107087449,39.31848582554412,False
Sylhet,Moulvibazar,2013,479527.0,3713.39,25.09237141162219,34.36355486302337,58.37310898977801,21.466879383038105,52.08184213563982,50.29357309880354,False
Sylhet,Moulvibazar,2014,484494.0,3713.39,53.67360479252647,43.852394330989554,44.11692968780909,19.72917989730249,162.23579237597437,19.90512955641634,False
Sylhet,Moulvibazar,2015,492291.0,3713.39,20.45423148562849,34.48455574795756,31.904902997730016,42.91845742169457,56.48930537714993,40.47850107917832,False
Sylhet,Moulvibazar,2016,497594.0,3713.39,29.14457493418781,41.733994428606245,16.259977465584473,21.616221075712808,5.208784635443919,25.645732912977,False
Sylhet,Moulvibazar,2017,509889.0,3713.39,227.7198292543016,43.59063319119393,41.5106189201993,19.90582285876912,18.795489702685284,39.23677519786128,False
Sylhet,Moulvibazar,2018,514549.0,3713.39,0.0,31.76896847996528,15.573648259506337,44.70848604576475,24.944150414164305,29.11304100769093,False
Sylhet,Moulvibazar,2019,512450.0,3713.39,26.957425864934923,57.52034997508094,49.3867793748669,37.34197982767147,52.34319520895673,43.37776509311296,False
Sylhet,Moulvibazar,2020,526891.0,3713.39,20.50933642497512,52.09719176884031,17.136315313701125,25.715796530899304,56.45225996168349,149.22318851478235,False
Sylhet,Moulvibazar,2021,524975.0,3713.39,12.877873574774052,41.51159562596135,34.86057724061972,38.481339918931866,45.47142527326157,55.19497525204256,False
Sylhet,Moulvibazar,2022,532297.0,3713.39,18.49775702421997,35.55786402294209,22.520643231440268,26.70284278864001,30.06914730219115,44.10798047813743,False
Sylhet,Moulvibazar,2023,558644.0,3713.39,22.28430153667288,30.113306320304744,14.77903893651189,27.26116710410832,45.50847612115893,36.33763489886885,False
Sylhet,Moulvibazar,2024,543993.0,3713.39,107.6396706405296,40.61888197418396,22.06326272799648,46.94359653126608,16.720381089158735,6.974838834475612,False
Sylhet,Moulvibazar,2025,569657.0,3713.39,4.955620472231353,14.704465285127052,34.67772773496508,10.586815346913369,43.350436658523535,34.55379713404584,False
Sylhet,Habiganj,2010,745214.0,2402.85,23.28480320338751,43.26211266687325,25.749914375105995,37.35692313739991,37.34259680690482,48.426542018364685,False
Sylhet,Habiganj,2011,754908.0,2402.85,13.841679290202986,52.54528762161328,36.34545295876129,35.7776439739343,128.27599421322554,11.85814961692972,False
Sylhet,Habiganj,2012,762663.0,2402.85,115.93109312420056,43.28425017686445,16.306406309868986,36.59570189838413,56.18672504404541,38.66222520722441,False
Sylhet,Habiganj,2013,775609.0,,52.55285868327826,39.48899450438437,39.98004222621382,24.141466008073944,31.830684777505287,20.32623147802771,False
Sylhet,Habiganj,2014,779122.0,2402.85,7.403521769378249,29.21465697721097,25.438044380648904,44.95116294397212,40.92192256990007,41.55418284889362,False
Sylhet,Habiganj,2015,801496.0,2402.85,48.75419967151324,55.853774334376304,248.79523719415016,37.78980459818803,41.48125455525667,15.849591348843212,False
Sylhet,Habiganj,2016,812303.0,2402.85,18.294527486160028,34.47269999138383,33.02934095954134,32.8904247254349,38.88258287458156,24.45461187705643,False
Sylhet,Habiganj,2017,824483.0,2402.85,37.28866908001247,43.00285088483585,29.373423551513845,47.31452796120804,30.637834934136265,23.611353292693604,False
Sylhet,Habiganj,2018,815493.0,2402.85,22.527837255518847,26.751077929874164,24.070940347602725,32.52164596621505,8.30567865375657,43.04528587098043,False
Sylhet,Habiganj,2019,833937.0,2402.85,40.550253224945045,45.74987288325963,2.7243664967757533,120.46854082608591,50.29169960094404,15.51898716640992,False
Sylhet,Habiganj,2020,863440.0,2402.85,37.573967193215154,40.88235911733549,3.928819903631725,18.445494948419288,2.5299981207847577,18.720401708074554,False
Sylhet,Habiganj,2021,873333.0,2402.85,37.69187337659511,39.82753775069304,30.81295070722954,37.25046381527741,18.54357857120453,144.2121510594676,False
Sylhet,Habiganj,2022,882421.0,2402.85,31.970804727627208,21.00652958290117,38.23484563954931,45.968967143757695,0.0,0.0,False
Sylhet,Habiganj,2023,882419.0,2402.85,65.47793153437885,29.912561773106567,16.38409254272427,42.19473003267255,26.26705242831442,31.444521223112744,False
Sylhet,Habiganj,2024,899837.0,,35.01642669042952,15.929678547954254,0.0,28.42766531470377,23.418369052640283,24.362799491460287,False
Sylhet,Habiganj,2025,883847.0,2402.85,34.98398146074512,13.055392535193938,28.8827058187026,36.166489439437335,41.53482101549811,27.54815426816776,False
Sylhet,Sunamganj,2010,934372.0,2266.0,24.96983223031584,38.7648350084918,50.53912467357534,33.812191241412194,9.84236001497116,3.404726641422135,False
Sylhet,Sunamganj,2011,946771.0,2266.0,49.30096325005815,49.45163483367485,18.97663492841956,21.62317953080092,0.0,16.22945888437243,False
Sylhet,Sunamganj,2012,957508.0,2266.0,42.72865627996447,14.2780792427529,26.906716622118733,28.3843420182896,21.777151026122105,0.0,False
Sylhet,Sunamganj,2013,974727.0,2266.0,54.03958381574244,27.54890383553987,217.46866690943023,29.811995488978265,20.353975896630605,28.57455865349573,False
Sylhet,Sunamganj,2014,991346.0,2266.0,37.61636619664208,45.81149811275603,30.4721893587356,21.575410940104994,14.784823367551986,36.57320588396358,False
Sylhet,Sunamganj,2015,995393.0,2266.0,32.36045315176573,2.842460447301283,25.0314099204696,33.57355960114909,19.581893443908264,44.486291992585805,False
Sylhet,Sunamganj,2016,1020587.0,2266.0,88.5650955641161,26.15533464604285,14.948157188785167,37.65215624020745,20.264487387411013,14.028620893126549,False
Sylhet,Sunamganj,2017,1028795.0,2266.0,23.153295016339698,30.591679347609915,32.38087039631024,16.339394205126915,54.88592237329184,40.96393995029363,False
Sylhet,Sunamganj,2018,1051302.0,2266.0,24.26059407616493,25.946341871419712,17.07528210775421,50.33015133407551,18.841408027872653,38.90398620508491,False
Sylhet,Sunamganj,2019,1036954.0,2266.0,36.84453205290165,16.03727063226246,15.80743798899038,3.609277946491443,63.769265087160605,39.08994080753193,False
Sylhet,Sunamganj,2020,1043457.0,2266.0,20.65426984587941,31.578194214504464,51.97713254430464,44.1829787157859,46.07865517108778,32.605189936925406,False
Sylhet,Sunamganj,2021,1080623.0,2266.0,36.3491795059125,32.80635481251592,48.26895404427109,44.379726593009,29.99234093592096,37.84520558412262,False
Sylhet,Sunamganj,2022,1078533.0,2266.0,29.208789391682707,14.872659689913275,41.73708902948584,57.57678952084164,51.78179092246853,4.138601017906079,False
Sylhet,Sunamganj,2023,1085477.0,2266.0,38.992768254017925,33.667496490673535,52.00018754737216,30.31897146463474,2.1883297755206264,45.25781707134082,False
Sylhet,Sunamganj,2024,1104354.0,2266.0,25.69255339053717,11.897577603589813,10.50756922345898,47.26719424493413,44.21481068182351,13.23358282305002,False
Sylhet,Sunamganj,2025,1130100.0,2266.0,29.32104808731653,43.12984287630368,0.0,14.886311089223694,15.33547821128326,111.73384721881766,False
Rangpur,Rangpur City,2010,632451.0,4788.84,19.79932704852908,25.54074837445848,47.42349349932572,37.901561847694026,51.96003846295552,44.16140045302591,False
Rangpur,Rangpur City,2011,639925.0,4788.84,0.0,47.82055509973542,36.735273041364096,4.311586698173693,26.994761985177803,17.276145876738116,False
Rangpur,Rangpur City,2012,648175.0,4788.84,28.584610846012183,28.10039041193153,30.312658260771528,41.98895959643866,42.29827998524151,27.445335713662487,False
Rangpur,Rangpur City,2013,657535.0,4788.84,0.0,35.676927756966634,48.68012567114612,36.06008999136829,31.798089237111537,0.0,False
Rangpur,Rangpur City,2014,663867.0,4788.84,4.216112941355738,55.96115943462503,23.64167470469604,46.159912255935296,30.1113749901926,56.61289470737373,False
Rangpur,Rangpur City,2015,,4788.84,21.095163695837584,38.4787689626235,22.38465672774748,38.39503898441647,30.46059555496721,17.599683798120154,False
Rangpur,Rangpur City,2016,678566.0,4788.84,48.9914413415374,17.754356832096974,16.364465487107008,21.97805290244365,38.915310510690745,31.39115876346924,False
Rangpur,Rangpur City,2017,694254.0,4788.84,35.369408181417164,2.329858675587116,42.35204784016806,22.44040980912776,12.29503119260096,45.77123821968135,False
Rangpur,Rangpur City,2018,707988.0,4788.84,33.732321677448304,38.83483020007874,32.51973521706896,0.0,23.07750944280848,19.317567841075583,False
Rangpur,Rangpur City,2019,704696.0,4788.84,24.18806876570644,0.0,37.095389725474384,48.64554542049782,27.12924443096079,45.23281558124697,False
Rangpur,Rangpur City,2020,717509.0,4788.84,47.17266180679271,38.229058017834376,44.64812256898352,39.86985475088721,43.48894962663549,30.419121733798534,False
Rangpur,Rangpur City,2021,723639.0,4788.84,51.32923538571676,52.28632874132251,27.34355713592512,33.494734125994334,43.25828803899157,35.91709463244273,False
Rangpur,Rangpur City,2022,726072.0,4788.84,32.29904849061297,34.1251830576719,54.585090731263634,34.65556302918223,56.177941301192966,32.37041738113789,False
Rangpur,Rangpur City,2023,738527.0,4788.84,38.12813986811079,47.53098863366584,48.37311429155194,54.55766875786008,45.97242796142106,0.0,False
Rangpur,Rangpur City,2024,753501.0,4788.84,27.791798332988023,28.49720647645421,42.55811979687501,44.91554668625313,19.96876162954849,27.061017771269896,False
Rangpur,Rangpur City,2025,,4788.84,18.521914712122303,12.59902256948414,41.4021268590963,38.22834311898036,28.777355991795595,59.55709379508189,False
Rangpur,Dinajpur,2010,660910.0,4496.04,93.56600340397198,47.30716468758192,45.461626429672734,37.76391143353242,19.63339409630685,33.28241529671069,False
Rangpur,Dinajpur,2011,668525.0,4496.04,17.331562659683392,54.559277918533255,32.58692232945296,260.73355805660844,7.449426085785264,21.076797840517788,False
Rangpur,Dinajpur,2012,677768.0,4496.04,52.925943623650056,32.16297850120705,34.6168602435455,43.41347914413959,27.43776757577573,37.480864008707385,False
Rangpur,Dinajpur,2013,690693.0,4496.04,47.18990968815875,35.0603471633348,0.0,29.309530027991748,55.41040479783915,13.416812095391371,False
Rangpur,Dinajpur,2014,695556.0,4496.04,12.378238853792771,43.312996359093006,22.738307914635485,7.910830018658427,14.057376294376237,52.299776189940566,False
Rangpur,Dinajpur,2015,707643.0,4496.04,28.67409253620443,18.03135323492793,62.92427239073725,20.93947692361677,13.985395974733583,35.837456456984874,False
Rangpur,Dinajpur,2016,710663.0,4496.04,18.334256564620866,54.49872464350336,57.66658643920141,47.0637441355119,48.2661414460763,40.23550143801029,False
Rangpur,Dinajpur,2017,732614.0,4496.04,3.373486200065626,43.23368353675381,47.54672983397238,43.75741677013666,46.59721716606954,26.881636683432973,False
Rangpur,Dinajpur,2018,729930.0,4496.04,51.97832945438015,35.253673303311245,28.004515193193136,50.2464355999105,58.89153579093571,34.762844832573826,False
Rangpur,Dinajpur,2019,733790.0,4496.04,19.63229155644794,18.1421401291981,28.96947985573173,36.49625866114256,51.148686751855394,29.568666910289707,False
Rangpur,Dinajpur,2020,761082.0,4496.04,36.43900174006789,115.65648142588158,52.483185984015,31.27109255499242,45.11435997019493,39.26802103103624,False
Rangpur,Dinajpur,2021,758572.0,4496.04,51.227957771955,42.30235346850441,12.015819025936594,29.22763568806644,34.34426584555571,32.50765089409302,False
Rangpur,Dinajpur,2022,767310.0,4496.04,54.764701614968914,26.42842145914652,39.0353286731674,17.74712500893994,13.015599164057928,3.3485963488273813,False
Rangpur,Dinajpur,2023,783678.0,4496.04,36.93040278198284,25.83190309352501,53.05441257454582,98.24573407947696,22.23734012292925,55.52276955821916,False
Rangpur,Dinajpur,2024,813075.0,4496.04,12.773663653345366,44.36892098890033,49.35000426521447,32.71612114977921,30.345545375379604,15.230050587531707,False
Rangpur,Dinajpur,2025,825033.0,4496.04,23.71980364532325,38.494148109123415,41.71787664898142,24.07598987578024,56.87359084296918,52.05179782915604,False
Rangpur,Thakurgaon,2010,782121.0,3769.74,68.83202277643076,43.05450756480815,41.77040886563521,22.772226556786247,19.20497311866761,114.64085954706846,False
Rangpur,Thakurgaon,2011,791384.0,3769.74,21.08860867554992,28.541818911280423,21.00463092088951,53.9431578357334,26.82772876108862,30.47632928886777,False
Rangpur,Thakurgaon,2012,801115.0,3769.74,53.61520819239547,27.10080201991332,55.50648957612167,39.44764620650521,21.79797356600705,42.60506212246849,False
Rangpur,Thakurgaon,2013,,3769.74,0.0,7.844612043875985,25.27674869733716,126.75696779743204,38.4792190817413,53.52018549903887,False
Rangpur,Thakurgaon,2014,820690.0,3769.74,16.863183502707212,18.10123909462076,35.46922660650359,44.63953292684359,56.209251542610254,23.70656807977184,False
Rangpur,Thakurgaon,2015,841126.0,3769.74,51.69741509844287,20.59977266653914,49.78041624808442,40.22720658594576,36.133866892573046,42.045546624238256,False
Rangpur,Thakurgaon,2016,844475.0,3769.74,22.041208859230025,31.5427626845178,40.83153140472832,62.7097652918374,19.253230884354725,19.36930651283756,False
Rangpur,Thakurgaon,2017,844551.0,3769.74,45.1870136269953,44.288533701162415,29.41279637105996,53.63435818168165,20.916316684029603,40.165486471511485,False
Rangpur,Thakurgaon,2018,859453.0,3769.74,34.392977859334195,35.665843286102465,8.121563290343044,25.448753496773712,0.0,37.56447066271552,False
Rangpur,Thakurgaon,2019,863427.0,3769.74,34.209501243129736,243.69935939566648,43.749602801857016,39.47748839842008,48.27915912787872,44.00117617025266,False
Rangpur,Thakurgaon,2020,895662.0,3769.74,30.43933157944529,23.35502307485019,26.01855827573681,34.745228762149964,50.65809783919692,12.671241455930785,False
Rangpur,Thakurgaon,2021,884065.0,3769.74,22.53692208596448,12.039450515257204,53.32072101185864,23.14507641499165,33.82316016960532,47.69826961958934,False
Rangpur,Thakurgaon,2022,901647.0,3769.74,31.15698040294182,2.0545494001950297,19.467238257770408,0.0,52.83307405756444,56.76843656983226,False
Rangpur,Thakurgaon,2023,927800.0,3769.74,36.42079573470177,176.7255897401148,24.22129749203806,46.78977438337277,14.584781099635578,0.0,False
Rangpur,Thakurgaon,2024,919156.0,3769.74,10.394650676943373,39.06145083798285,21.73147657992197,34.482619122256615,31.571609244250805,23.032608558592248,False
Rangpur,Thakurgaon,2025,933689.0,3769.74,12.21972125695627,26.2488014482217,17.764463207799054,38.06953402708895,50.02683040118835,35.01997643051065,False
Rangpur,Lalmonirhat,2010,369981.0,1716.95,30.27875239479984,48.98076868595621,41.17672213184576,28.575597435143813,2.53584530960943,29.38981075603825,False
Rangpur,Lalmonirhat,2011,374946.0,1716.95,43.58514203448996,25.1427868331183,38.266161959587,49.93115356575204,54.38475537381936,32.28336173564579,False
Rangpur,Lalmonirhat,2012,378529.0,1716.95,34.166574807988106,15.316675187318909,39.40322934534364,45.25074267219367,40.58762280926061,20.862095700201067,False
Rangpur,Lalmonirhat,2013,383585.0,1716.95,19.03745846484027,32.792543712412304,42.88461783638074,10.181214132784548,40.1871616106372,26.237407764388863,False
Rangpur,Lalmonirhat,2014,391066.0,,40.19879586076458,45.68226082340245,33.440972063432405,31.91670456813609,38.50236740777196,33.67967647788358,False
Rangpur,Lalmonirhat,2015,394968.0,1716.95,46.77846959084749,22.057761422122493,38.662318167478304,33.50423067233329,46.84904410533109,36.96148038189522,False
Rangpur,Lalmonirhat,2016,403801.0,1716.95,39.92183002405336,36.39016692503597,35.33735596673428,18.93079078027599,38.3932626760998,45.77021117626838,False
Rangpur,Lalmonirhat,2017,406806.0,1716.95,34.35181506701013,33.04409761801645,50.255711988784135,35.55369788058961,19.282695282202035,23.20666553326712,False
Rangpur,Lalmonirhat,2018,411329.0,1716.95,29.507792789883275,127.65069196174215,48.12038542716184,41.75639304511286,42.88778084166851,41.4914596484403,False
Rangpur,Lalmonirhat,2019,416869.0,1716.95,33.68435028642489,46.23417119943923,1.90255929209954,117.6222480649986,41.50856570855307,31.461546930746746,False
Rangpur,Lalmonirhat,2020,418915.0,1716.95,16.527140269522206,5.169536310213871,24.30237843907884,26.69035810247588,18.706543038596504,36.87945362866106,False
Rangpur,Lalmonirhat,2021,423108.0,1716.95,19.91313620522376,21.38174732902118,37.34930103357806,27.50149154750495,51.65631508508581,38.16827634654538,False
Rangpur,Lalmonirhat,2022,424428.0,1716.95,29.45714470588219,28.3456688204665,48.25559160313583,42.75827115212612,29.18925282198333,29.309257918477847,False
Rangpur,Lalmonirhat,2023,433066.0,1716.95,33.32817355600129,24.375616168034824,18.05025803089958,26.656425706475247,38.41810986545264,41.00405034363013,False
Rangpur,Lalmonirhat,2024,450494.0,1716.95,28.908720419154204,33.73180116461894,48.197699844056224,26.248621272157195,72.13459892124408,51.96504026678993,False
Rangpur,Lalmonirhat,2025,453297.0,,37.11238631221932,0.0,37.47514246899257,41.57567791557902,38.1651053152946,54.847105973185954,False
Mymensingh,Mymensingh City,2010,279815.0,724.1,37.90788476653695,40.83792236816397,47.0967566100996,31.435779724274067,53.3459469222481,45.78734224032405,False
Mymensingh,Mymensingh City,2011,283824.0,724.1,15.13687551192394,43.71954252657624,20.89661166339093,40.965329540869085,27.03636416888356,21.049956774973115,False
Mymensingh,Mymensingh City,2012,287273.0,724.1,33.97368390955212,7.553385080741265,24.516167176381817,19.41638443187823,34.73545195679713,47.38876904847525,False
Mymensingh,Mymensingh City,2013,289667.0,724.1,38.270155228613646,42.49557566488523,27.885547141838103,48.25157906458985,14.90471141655668,34.05299728458259,False
Mymensingh,Mymensingh City,2014,293584.0,724.1,34.66219908404852,39.55856650035531,26.232055214440045,19.01335168949265,44.930852449488455,10.16223844789815,False
Mymensingh,Mymensingh City,2015,297746.0,724.1,30.01843775373205,32.144779833303694,40.92727126182032,18.86724287741185,0.0,26.44794599597136,False
Mymensingh,Mymensingh City,2016,300474.0,724.1,18.70015702477567,30.48450266014493,28.342250558685084,29.193578235401745,20.984791854221967,23.78349659944093,False
Mymensingh,Mymensingh City,2017,306606.0,724.1,47.677640440259445,40.88572934104587,30.056174209189123,11.29399316189929,44.40700205295973,29.20977756986409,False
Mymensingh,Mymensingh City,2018,309266.0,724.1,42.38865568246667,37.69480292187858,14.74954446163614,9.773604941246886,16.7537398200833,28.03057665372061,False
Mymensingh,Mymensingh City,2019,316507.0,724.1,22.91576809955591,36.40067929734825,38.18807150116519,19.12411757721488,23.57469254220937,10.325789294756838,False
Mymensingh,Mymensingh City,2020,317533.0,724.1,39.0194494077994,18.838550933466244,32.26435301545147,17.556774600919155,42.75356963608552,26.333359213368755,False
Mymensingh,Mymensingh City,2021,325624.0,724.1,19.52750103034988,45.75116669358228,35.716820003542615,37.28755095108432,42.14172643368772,2.495700764140105,False
Mymensingh,Mymensingh City,2022,328843.0,724.1,30.42890915235236,32.987578996845336,43.50662108897683,19.281511677273063,18.54810207497544,30.62922854134854,False
Mymensingh,Mymensingh City,2023,336673.0,724.1,17.985400607934558,26.46236071576409,29.45563552423961,13.779800763124282,48.68188977105005,28.53330209606322,False
Mymensingh,Mymensingh City,2024,341746.0,724.1,0.0,35.10072881733704,47.11204990372247,18.600992273186424,33.002206183869504,9.76143474484702,False
Mymensingh,Mymensingh City,2025,330791.0,724.1,37.03642428208326,35.91742250179904,38.04680280710048,27.92697646853834,37.40540015330445,34.44116692411831,False
Mymensingh,Netrokona,2010,372196.0,4263.66,46.13953079548576,33.04462017528033,13.836555503139266,47.69557243290223,31.05461406829296,50.79445269918059,False
Mymensingh,Netrokona,2011,377458.0,4263.66,4.4101300700978925,51.85768144096741,49.0328765126474,32.714216723986056,0.0,11.987450251695538,False
Mymensingh,Netrokona,2012,380453.0,4263.66,39.5598814457296,40.66704721833444,45.89227295991781,25.58947501214832,24.24433223986921,20.202477014245595,False
Mymensingh,Netrokona,2013,386134.0,4263.66,41.3581932435877,16.07942227749405,47.01342771515496,14.83025737360694,46.06933204719285,54.89801687067612,False
Mymensingh,Netrokona,2014,390396.0,4263.66,31.696329861410977,51.40473101428873,27.08466898083373,27.09357070089669,49.86793701980424,41.67202074663791,False
Mymensingh,Netrokona,2015,397818.0,4263.66,29.352341811855148,42.77777461632999,15.685951329736811,30.59590134242808,0.0,0.0,False
Mymensingh,Netrokona,2016,401444.0,4263.66,50.49216245961706,29.166289717874378,0.0,13.130528728634232,31.07444912234211,9.303607808417228,False
Mymensingh,Netrokona,2017,402016.0,4263.66,6.13312333207392,31.62078692036828,15.156046609409728,40.11285192814003,40.033328931177806,44.73203642022056,False
Mymensingh,Netrokona,2018,414577.0,4263.66,0.0,46.17364340614897,22.348767105952028,21.98800454240244,32.34130894634188,0.0,False
Mymensingh,Netrokona,2019,425146.0,4263.66,40.86938388619588,50.52184364654001,31.91601232963339,28.464717181260863,12.65515662196038,54.67841917365698,False
Mymensingh,Netrokona,2020,427069.0,4263.66,26.658823103063945,23.7333931514764,32.82756028533341,20.22656932675529,26.473424532737123,18.81110247631973,False
Mymensingh,Netrokona,2021,423243.0,4263.66,16.344683408769626,37.60301302027265,45.47229056242797,17.02513375569991,37.07857693052718,27.68347607481425,False
Mymensingh,Netrokona,2022,441238.0,4263.66,20.042768491355275,53.25777279187888,25.013271521049177,49.43512134466513,48.73569284527989,0.0,False
Mymensingh,Netrokona,2023,434903.0,4263.66,20.75626786382319,25.50884118385595,45.16483024723748,157.2511505066423,42.540737133665246,34.12444543479774,False
Mymensingh,Netrokona,2024,454668.0,4263.66,25.861608134401187,48.70216802254922,46.26680438980233,15.158997239996262,32.93872340619497,0.0,False
Mymensingh,Netrokona,2025,448516.0,4263.66,19.145676456353048,49.80353028343392,30.915266581997667,18.014362529599552,48.326109578493615,0.0,False
Mymensingh,Jamalpur,2010,854380.0,4020.99,38.54103285560557,32.5749664135206,43.923771728076574,0.0,27.67257315410326,55.04237008940743,False
Mymensingh,Jamalpur,2011,867069.0,4020.99,22.69842743953807,31.70989189874112,13.440934286929089,39.915644978731166,47.00774342580596,2.497071779319384,False
Mymensingh,Jamalpur,2012,879959.0,4020.99,43.5461172503821,26.01552622860247,41.0621525144034,50.81669300479422,38.33326092774104,14.781986988282526,False
Mymensingh,Jamalpur,2013,890679.0,4020.99,27.97901937560541,41.651942532468496,0.0,55.432668364828345,38.68313650499967,52.702570397114506,False
Mymensingh,Jamalpur,2014,900396.0,4020.99,46.11543118708301,118.22437893916572,27.347299611891938,35.34955802454565,16.66725641242074,40.411626770575246,False
Mymensingh,Jamalpur,2015,918810.0,4020.99,20.44882758716973,19.1458417423068,42.43632013712322,0.0,15.704108100961092,19.40571060046773,False
Mymensingh,Jamalpur,2016,923749.0,4020.99,16.139343598718806,18.11062846060932,8.907794490214904,30.77271007945279,48.02663696639149,34.37992461941763,False
Mymensingh,Jamalpur,2017,930701.0,4020.99,47.10686508158764,44.05202618824279,35.9656485538373,42.18074270290803,0.0,34.18781922198571,False
Mymensingh,Jamalpur,2018,953225.0,4020.99,44.85472441773786,42.26920090228007,22.65388755693325,51.58101604109825,39.031872832024376,21.36606206935658,False
Mymensingh,Jamalpur,2019,955318.0,4020.99,46.73667145209238,12.891243591380576,7.558269821391971,16.615857306123335,31.897373103807865,37.113488540539706,False
Mymensingh,Jamalpur,2020,958473.0,4020.99,24.75864882154727,45.956961024521554,36.48565957586387,27.342477176825867,33.13632819801619,29.53866839945113,False
Mymensingh,Jamalpur,2021,976938.0,4020.99,52.9821959329492,43.04170389083741,30.73581459816149,13.198147501965945,36.87656365387775,58.989678000343645,False
Mymensingh,Jamalpur,2022,1017943.0,4020.99,18.18262439612344,15.32324076097527,37.86338431271752,2.0893986529567368,36.15190966322102,51.97799670836419,False
Mymensingh,Jamalpur,2023,1008832.0,4020.99,20.601752271741606,19.91424725219077,55.534574535568325,13.29508906986654,47.76440805585,25.28171987996008,False
Mymensingh,Jamalpur,2024,1017285.0,4020.99,47.62380254355019,40.05643529269523,24.34487604248133,22.77339445976229,41.53506706350682,33.09024173414451,False
Mymensingh,Jamalpur,2025,1014069.0,4020.99,30.8837813557839,25.26752577638881,0.0,54.743215543620565,21.427980936630387,45.327592079625376,False
Mymensingh,Sherpur,2010,371326.0,2925.33,47.40063671857505,91.54735555307194,25.53720060570391,35.716328664653545,0.0,6.750956059919605,False
Mymensingh,Sherpur,2011,,2925.33,27.140995695344888,5.409047322095471,51.600970733131625,15.963152668989304,26.186028867318043,37.30719607692932,False
Mymensingh,Sherpur,2012,379802.0,2925.33,55.04437066518141,46.43961661810546,2.771722604679395,40.27848867359802,11.907014716389767,26.742143511944573,False
Mymensingh,Sherpur,2013,385025.0,2925.33,2.6996429939542974,37.163836506420445,47.68388205981568,42.38036752550976,31.0920608731514,47.41447411512026,False
Mymensingh,Sherpur,2014,388977.0,2925.33,31.451229110703245,18.9852575588244,240.0752610768458,50.91129420251743,53.993989284101104,46.27884912299115,False
Mymensingh,Sherpur,2015,399088.0,2925.33,32.844266781326766,48.73028774544315,19.94912317581155,32.06154499828715,57.363655827020615,17.112886234035038,False
Mymensingh,Sherpur,2016,405628.0,2925.33,12.23016897535161,49.137207870674686,44.67706461980514,35.528646811489665,36.84911532764077,43.43776518268086,False
Mymensingh,Sherpur,2017,408096.0,2925.33,27.47307027976005,49.93688636688671,36.68036557810387,54.33823468882881,44.89255575651905,21.09501633029985,False
Mymensingh,Sherpur,2018,407694.0,2925.33,21.09502372194824,47.90506307923185,21.02408751921152,17.106046986268357,22.82595291056861,35.471286990034386,False
Mymensingh,Sherpur,2019,412867.0,2925.33,11.250686656133311,4.563218210980853,50.00130981996696,34.85509006497361,45.8795973265952,44.50138153016907,False
Mymensingh,Sherpur,2020,429053.0,2925.33,21.10529451954796,18.721206194396284,24.797949822045943,37.30528079745245,37.978266912202734,30.212215612955912,False
Mymensingh,Sherpur,2021,422809.0,2925.33,41.88136784580985,35.31057632512,54.44603506833237,20.95213364821269,29.122083590557565,25.29252783398578,False
Mymensingh,Sherpur,2022,439056.0,2925.33,2.948806328283132,40.694114903202056,20.240545265086425,31.89895438493911,33.28642881399058,14.897375818648865,False
Mymensingh,Sherpur,2023,443032.0,2925.33,25.421196307081136,30.992534016308102,37.75884075204451,45.91130341799484,33.53813822702989,11.124737995518336,False
Mymensingh,Sherpur,2024,456479.0,2925.33,33.56927305249428,16.21772458392764,29.374118595978366,50.82623684734811,38.5500943357314,33.33872822312449,False
Mymensingh,Sherpur,2025,450646.0,2925.33,22.944115554980904,52.4153117698914,33.72030155998936,28.88955070908546,52.34783466638179,55.879392194783,False
